CPU,RAM (GB),Storage,GPU,Price (Sonic Rings),CPULabel,StorageLabel,GPULabel
Intel Core i5 2.3GHz,8,128GB SSD,Intel Iris Plus Graphics 640,11912523.48,59,3,52
Intel Core i5 1.8GHz,8,128GB Flash Storage,Intel HD Graphics 6000,7993374.48,57,1,46
Intel Core i5 7200U 2.5GHz,8,256GB SSD,Intel HD Graphics 620,5112900.0,68,16,48
Intel Core i7 2.7GHz,16,512GB SSD,AMD Radeon Pro 455,22563005.4,78,28,8
Intel Core i5 3.1GHz,8,256GB SSD,Intel Iris Plus Graphics 650,16037611.2,61,16,53
AMD A9-Series 9420 3GHz,4,500GB HDD,AMD Radeon R5,3556800.0,14,25,16
Intel Core i7 2.2GHz,16,256GB Flash Storage,Intel Iris Pro Graphics,19028613.24,77,15,54
Intel Core i5 1.8GHz,8,256GB Flash Storage,Intel HD Graphics 6000,10303160.4,57,15,46
Intel Core i7 8550U 1.8GHz,16,512GB SSD,Nvidia GeForce MX150,13293540.0,98,28,90
Intel Core i5 8250U 1.6GHz,8,256GB SSD,Intel UHD Graphics 620,6846840.0,76,16,55
Intel Core i5 7200U 2.5GHz,4,500GB HDD,Intel HD Graphics 620,3502558.8,68,25,48
Intel Core i3 6006U 2GHz,4,500GB HDD,Intel HD Graphics 520,3067651.08,50,25,42
Intel Core i7 2.8GHz,16,256GB SSD,AMD Radeon Pro 555,21696213.24,79,16,9
Intel Core i3 6006U 2GHz,4,256GB SSD,AMD Radeon R5 M430,4436218.8,50,16,21
Intel Core M m3 1.2GHz,8,256GB SSD,Intel HD Graphics 615,11225260.8,45,16,47
Intel Core i5 2.3GHz,8,256GB SSD,Intel Iris Plus Graphics 640,13502946.6,59,16,52
Intel Core i7 7500U 2.7GHz,8,256GB SSD,AMD Radeon R5 M430,6624540.0,89,16,21
Intel Core i7 2.9GHz,16,512GB SSD,AMD Radeon Pro 560,25413336.0,80,28,10
Intel Core i3 7100U 2.4GHz,8,1TB HDD,Nvidia GeForce 940MX,4437108.0,53,9,66
Intel Core i5 8250U 1.6GHz,8,128GB SSD,Intel UHD Graphics 620,8705268.0,76,3,55
Intel Atom x5-Z8350 1.44GHz,2,32GB Flash Storage,Intel HD Graphics 400,1706374.8,28,22,36
Intel Core i5 7300HQ 2.5GHz,8,128GB SSD +  1TB HDD,Nvidia GeForce GTX 1050,8883108.0,70,4,68
AMD E-Series E2-9000e 1.5GHz,4,500GB HDD,AMD Radeon R2,2294136.0,21,25,11
Intel Core i5 8250U 1.6GHz,8,256GB SSD,Intel UHD Graphics 620,7282548.0,76,16,55
Intel Core i7 8550U 1.8GHz,8,256GB SSD,Intel HD Graphics 620,5859828.0,98,16,48
Intel Core i3 6006U 2GHz,4,1TB HDD,Intel HD Graphics 520,3722546.88,50,9,42
Intel Core i5 1.6GHz,8,128GB Flash Storage,Intel HD Graphics 6000,9772308.0,56,1,46
Intel Core i5 8250U 1.6GHz,8,256GB SSD,AMD Radeon 530,7113600.0,76,16,6
Intel Core i7 8650U 1.9GHz,8,256GB SSD +  256GB SSD,Intel UHD Graphics 620,11541816.0,99,18,55
Intel Core i5 8250U 1.6GHz,8,1TB HDD,Nvidia GeForce 930MX,7967232.0,76,9,63
Intel Atom x5-Z8300 1.44GHz,4,64GB Flash Storage,Intel HD Graphics,2178451.08,27,33,35
AMD E-Series E2-6110 1.5GHz,2,32GB Flash Storage,AMD Radeon R2,1769508.0,19,22,11
AMD A6-Series 9220 2.5GHz,4,500GB HDD,AMD Radeon 530,3903588.0,9,25,6
Intel Core i7 8550U 1.8GHz,16,512GB SSD,Intel UHD Graphics 620,16619148.0,98,28,55
Intel Core i5 1.6GHz,8,256GB Flash Storage,Intel HD Graphics 6000,8874216.0,56,15,46
Intel Celeron Dual Core N3350 1.1GHz,4,64GB Flash Storage,Intel HD Graphics 500,2214108.0,35,33,38
Intel Core i3 7130U 2.7GHz,4,1TB HDD,Intel HD Graphics 620,3263364.0,54,9,48
Intel Core i5 8250U 1.6GHz,8,128GB SSD +  1TB HDD,AMD Radeon 530,8705268.0,76,4,6
Intel Core i5 7200U 2.5GHz,4,1TB HDD,Intel HD Graphics 620,4345431.48,68,9,48
Intel Core i5 8250U 1.6GHz,8,256GB SSD,Nvidia GeForce 930MX ,7816068.0,76,16,64
Intel Core i3 6006U 2GHz,4,1TB HDD,Intel HD Graphics 620,3458988.0,50,9,48
Intel Core i7 7700HQ 2.8GHz,16,256GB SSD +  1TB HDD,Nvidia GeForce GTX 1060,13329108.0,94,17,72
Intel Core i5 7200U 2.5GHz,8,1TB HDD,Nvidia GeForce 940MX,4650427.08,68,9,66
Intel Core i5 8250U 1.6GHz,4,256GB SSD,Intel UHD Graphics 620,6064344.0,76,16,55
Intel Core i5 8250U 1.6GHz,12,1TB HDD,Nvidia GeForce 150MX,8883108.0,76,9,57
Intel Core i5 2.0GHz,8,256GB SSD,Intel Iris Graphics 540,12617748.0,58,16,50
Intel Core i3 6006U 2GHz,4,128GB SSD,Intel HD Graphics 520,3281148.0,50,3,42
AMD Ryzen 1700 3GHz,8,256GB SSD +  1TB HDD,AMD Radeon RX 580,11550708.0,25,17,33
Intel Core i5 7200U 2.5GHz,4,256GB SSD,AMD Radeon R5 M430,5681988.0,68,16,21
Intel Pentium Quad Core N4200 1.1GHz,4,1TB HDD,Nvidia GeForce 920MX,4143672.0,103,9,60
Intel Atom x5-Z8550 1.44GHz,4,64GB Flash Storage,Intel HD Graphics 400,2836548.0,29,33,36
Intel Core i7 8550U 1.8GHz,8,256GB SSD,Nvidia GeForce MX150,7478172.0,98,16,90
AMD A6-Series 9220 2.5GHz,4,256GB SSD,AMD Radeon R4 Graphics,3543373.08,9,16,15
Intel Core i7 8550U 1.8GHz,8,512GB SSD,Intel UHD Graphics 620,9807876.0,98,28,55
Intel Core i3 7100U 2.4GHz,4,1TB HDD,Intel HD Graphics 620,3414528.0,53,9,48
Intel Core i7 8550U 1.8GHz,8,256GB SSD,AMD Radeon 520,6827277.6,98,16,5
Intel Core i3 6006U 2GHz,4,128GB SSD,Intel HD Graphics 520,3903588.0,50,3,42
Intel Core i5 7200U 2.5GHz,4,256GB SSD,Intel HD Graphics 620,5212401.48,68,16,48
Intel Core i7 7700HQ 2.8GHz,16,256GB SSD +  2TB HDD,Nvidia GeForce GTX 1070,21776508.0,94,19,73
Intel Core i3 6006U 2GHz,4,256GB SSD,Intel HD Graphics 520,3690180.0,50,16,42
Intel Core i7 8550U 1.8GHz,16,256GB SSD +  2TB HDD,AMD Radeon 530,11550708.0,98,19,6
Intel Core i5 8250U 1.6GHz,8,256GB SSD,Intel UHD Graphics 620,7816068.0,76,16,55
Intel Core i3 7130U 2.7GHz,8,256GB SSD,Intel HD Graphics 620,5326308.0,54,16,48
Intel Core i5 8250U 1.6GHz,8,256GB SSD,Intel UHD Graphics 620,8367372.0,76,16,55
Intel Core i5 7200U 2.5GHz,8,256GB SSD,Intel HD Graphics 620,6135480.0,68,16,48
Intel Core i7 7700HQ 2.8GHz,16,512GB SSD,Nvidia GeForce GTX 1050 Ti,17632836.0,94,28,69
Intel Core i3 6006U 2GHz,4,500GB HDD,AMD Radeon 520,3900831.48,50,25,5
Intel Celeron Dual Core N3060 1.6GHz,4,32GB SSD,Intel HD Graphics 400,2036268.0,34,24,36
Intel Core i5 7200U 2.5GHz,4,1TB HDD,Intel HD Graphics 620,4881708.0,68,9,48
Intel Core i7 7700HQ 2.8GHz,12,1TB HDD,Nvidia GeForce GTX 1050 Ti,8438508.0,94,9,69
Intel Core i5 7200U 2.5GHz,4,128GB SSD,Intel HD Graphics 620,9683388.0,68,3,48
Intel Core i7 8550U 1.8GHz,8,256GB SSD,AMD Radeon 530,8491860.0,98,16,6
Intel Core i7 8550U 1.8GHz,8,256GB SSD,AMD Radeon 530,7736040.0,98,16,6
Intel Core i5 7300HQ 2.5GHz,8,128GB SSD +  1TB HDD,Nvidia GeForce GTX 1050,9736740.0,70,4,68
Intel Core i3 6006U 2GHz,8,1TB HDD,Intel HD Graphics 520,3458988.0,50,9,42
Intel Core i7 7700HQ 2.8GHz,8,1TB HDD,Nvidia GeForce GTX 1050,8438508.0,94,9,68
Intel Core i5 7200U 2.5GHz,8,2TB HDD,Intel HD Graphics 620,4614948.0,68,21,48
Intel Core i7 8550U 1.8GHz,8,128GB SSD +  1TB HDD,Intel UHD Graphics 620,7602660.0,98,4,55
Intel Core i3 7130U 2.7GHz,4,1TB HDD,Nvidia GeForce MX130,4712760.0,54,9,89
Intel Core i5 8250U 1.6GHz,8,128GB SSD +  1TB HDD,Nvidia GeForce 930MX,8687484.0,76,4,63
Intel Core i5 8250U 1.6GHz,8,256GB SSD,Intel UHD Graphics 620,9747054.72,76,16,55
Intel Core i5 1.3GHz,8,512GB SSD,Intel HD Graphics 615,13426920.0,55,28,47
Intel Core i5 8250U 1.6GHz,8,256GB SSD,Intel HD Graphics 620,7647120.0,76,16,48
AMD A6-Series 9220 2.5GHz,4,128GB SSD,AMD R4 Graphics,3547908.0,9,3,4
AMD A9-Series 9420 3GHz,4,1TB HDD,AMD Radeon R5,3512340.0,14,9,16
Intel Core i7 7700HQ 2.8GHz,16,128GB SSD +  1TB HDD,Nvidia GeForce GTX 1050 Ti,11995308.0,94,4,69
Intel Core i7 8550U 1.8GHz,8,256GB SSD,Nvidia GeForce GTX 940MX,6215508.0,98,16,78
Intel Core i5 7200U 2.5GHz,8,256GB SSD,Intel HD Graphics 620,5326219.08,68,16,48
Intel Core i7 7700HQ 2.8GHz,16,128GB SSD +  1TB HDD,Nvidia GeForce GTX 1060,12884508.0,94,4,72
Intel Core i7 8550U 1.8GHz,8,256GB SSD,Intel UHD Graphics 620,14662908.0,98,16,55
AMD FX 9830P 3GHz,8,1TB HDD,AMD Radeon RX 560,6215508.0,23,9,32
Intel Core i7 8550U 1.8GHz,8,1TB HDD,Nvidia GeForce MX150,6126588.0,98,9,90
Intel Core i7 8550U 1.8GHz,16,512GB SSD,Intel UHD Graphics 620,10643724.0,98,28,55
Intel Core i5 7300HQ 2.5GHz,8,256GB SSD,Nvidia GeForce GTX 1060,10625940.0,70,16,72
Intel Core i7 7500U 2.7GHz,8,256GB SSD,Intel HD Graphics 620,9327708.0,89,16,48
Intel Core i5 8250U 1.6GHz,8,256GB SSD,Intel UHD Graphics 620,7531524.0,76,16,55
Intel Core i7 7500U 2.7GHz,8,1TB HDD,AMD Radeon R5 M430,5334310.8,89,9,21
Intel Core i3 6006U 2GHz,4,256GB SSD,AMD Radeon R5 M430,4312620.0,50,16,21
Intel Core i3 7100U 2.4GHz,6,256GB SSD,Nvidia GeForce 920M,5130684.0,53,16,59
Intel Core i7 7700HQ 2.8GHz,12,128GB SSD +  1TB HDD,Nvidia GeForce GTX 1050,11106108.0,94,4,68
Intel Core i7 7500U 2.7GHz,8,256GB SSD,AMD Radeon 530,6393348.0,89,16,6
AMD E-Series E2-9000e 1.5GHz,4,500GB HDD,AMD Radeon R2,3103308.0,21,25,11
Intel Core i5 8250U 1.6GHz,8,1TB HDD,AMD Radeon 520,5753124.0,76,9,5
Intel Core i7 7500U 2.7GHz,8,256GB SSD,Nvidia GeForce MX150,9950148.0,89,16,90
Intel Core i5 7200U 2.5GHz,8,256GB SSD,Intel HD Graphics 620,11915280.0,68,16,48
Intel Core i5 7200U 2.5GHz,6,256GB SSD,Nvidia GeForce 940MX,5859828.0,68,16,66
Intel Core i3 6006U 2GHz,4,1TB HDD,Intel HD Graphics 520,3689290.8,50,9,42
Intel Core i7 7500U 2.7GHz,8,256GB SSD,Nvidia GeForce 940MX,10608156.0,89,16,66
Intel Core i7 7700HQ 2.8GHz,16,256GB SSD +  1TB HDD,Nvidia GeForce GTX 1050 Ti,11550708.0,94,17,69
Intel Core i7 7500U 2.7GHz,8,256GB SSD,Intel HD Graphics 620,13160160.0,89,16,48
Intel Core i7 8550U 1.8GHz,16,256GB SSD +  1TB HDD,Nvidia GeForce MX150,11221704.0,98,17,90
Intel Core i7 7560U 2.4GHz,8,256GB SSD,Intel Iris Plus Graphics 640,12262068.0,90,16,52
Intel Core i5 7200U 2.5GHz,8,256GB SSD,Intel HD Graphics 620,12439908.0,68,16,48
Intel Core i5 8250U 1.6GHz,4,500GB HDD,Intel UHD Graphics 620,6420024.0,76,25,55
Intel Core i5 8250U 1.6GHz,8,256GB SSD,Intel UHD Graphics 620,14485068.0,76,16,55
Intel Core i5 8250U 1.6GHz,8,256GB SSD,Intel UHD Graphics 620,12439819.08,76,16,55
Intel Core i7 8550U 1.8GHz,8,512GB SSD,Intel UHD Graphics 620,9638928.0,98,28,55
Intel Core i7 8550U 1.8GHz,8,256GB SSD +  1TB HDD,Nvidia GeForce 940MX,10050894.36,98,17,66
Intel Core i3 6006U 2GHz,4,1TB HDD,Nvidia GeForce 920MX,5015088.0,50,9,60
Intel Core i7 8550U 1.8GHz,8,256GB SSD,Nvidia GeForce 940MX,9941256.0,98,16,66
Intel Core i3 7100U 2.4GHz,6,1TB HDD,Intel HD Graphics 620,4259268.0,53,9,48
Intel Core i7 7700HQ 2.8GHz,16,256GB SSD +  2TB HDD,Nvidia GeForce GTX 1070,19931418.0,94,19,73
Intel Core i5 7200U 2.5GHz,8,256GB SSD,Nvidia GeForce 940MX,5593068.0,68,16,66
Intel Core i7 8550U 1.8GHz,16,512GB SSD,Nvidia GeForce 930MX ,11301732.0,98,28,64
AMD A9-Series 9420 3GHz,4,256GB SSD,AMD Radeon R5,4010292.0,14,16,16
Intel Celeron Dual Core N3060 1.6GHz,4,500GB HDD,Intel HD Graphics 400,2303028.0,34,25,36
Intel Core i5 8250U 1.6GHz,8,1TB HDD,Intel UHD Graphics 620,7220304.0,76,9,55
AMD E-Series 6110 1.5GHz,4,64GB SSD,AMD Radeon R2,2471887.08,16,35,11
Intel Core i7 8550U 1.8GHz,16,256GB SSD +  2TB HDD,AMD Radeon 530,12413232.0,98,19,6
Intel Core i5 8250U 1.6GHz,8,256GB SSD,Intel UHD Graphics 620,8251776.0,76,16,55
Intel Core i5 7200U 2.5GHz,8,1TB HDD,AMD Radeon R7 M445,5681899.08,68,9,26
Intel Core i3 6006U 2GHz,4,1TB HDD,AMD Radeon R5 M430,3992508.0,50,9,21
Intel Core i7 8550U 1.8GHz,8,256GB SSD,Intel UHD Graphics 620,7860528.0,98,16,55
Intel Core i3 7130U 2.7GHz,4,256GB SSD,Nvidia GeForce MX130,5086224.0,54,16,89
Intel Core i7 7500U 2.7GHz,8,1TB HDD,Intel HD Graphics 620,5317416.0,89,9,48
Intel Core i7 8550U 1.8GHz,8,256GB SSD,Intel UHD Graphics 620,8785296.0,98,16,55
Intel Celeron Dual Core N3350 1.1GHz,4,1TB HDD,Intel HD Graphics 500,2243985.12,35,9,38
Intel Core i5 7300HQ 2.5GHz,8,128GB SSD +  1TB HDD,Nvidia GeForce GTX 1050,8340696.0,70,4,68
Intel Core i5 7200U 2.5GHz,4,1TB HDD,Nvidia GeForce 920MX,4437108.0,68,9,60
Intel Core i5 7200U 2.5GHz,4,256GB SSD,Intel HD Graphics 620,6215508.0,68,16,48
Intel Core i3 7130U 2.7GHz,4,1TB HDD,Nvidia GeForce MX130,5824260.0,54,9,89
Intel Core i5 8250U 1.6GHz,8,256GB SSD,AMD Radeon RX 550,9923649.84,76,16,31
Intel Core i7 7700HQ 2.8GHz,8,256GB SSD,Nvidia GeForce GTX 1050M,7727148.0,94,16,70
Intel Core i5 6200U 2.3GHz,4,500GB HDD,Intel HD Graphics 520,5352984.0,62,25,42
AMD A6-Series 9220 2.5GHz,4,256GB SSD,AMD Radeon R4 Graphics,3281148.0,9,16,15
Intel Core i7 8550U 1.8GHz,8,256GB SSD,Intel UHD Graphics 620,9772308.0,98,16,55
Intel Core M 6Y75 1.2GHz,8,512GB SSD,Intel HD Graphics 515,17908488.0,41,28,41
Intel Celeron Dual Core N3350 1.1GHz,4,1TB HDD,Intel HD Graphics 500,3058848.0,35,9,38
Intel Core i7 7700HQ 2.8GHz,16,256GB SSD +  1TB HDD,Nvidia GeForce GTX 1070,18041868.0,94,17,73
Intel Core i3 6006U 2GHz,4,1TB HDD,Intel HD Graphics 520,3974724.0,50,9,42
Intel Core i7 7700HQ 2.8GHz,16,512GB SSD,Nvidia GeForce GTX 1050,11108419.92,94,28,68
Intel Core i7 7700HQ 2.8GHz,8,1TB Hybrid,Nvidia GeForce GTX 1050,7993908.0,94,11,68
Intel Core i5 7200U 2.5GHz,4,128GB SSD,Intel HD Graphics 620,4428216.0,68,3,48
Intel Core i7 7700HQ 2.8GHz,16,256GB SSD +  1TB HDD,Nvidia GeForce GTX 1060,16805880.0,94,17,72
Intel Core i5 7500U 2.7GHz,4,256GB SSD,Intel HD Graphics 620,9621144.0,73,16,48
Intel Core i5 8250U 1.6GHz,6,256GB SSD,AMD Radeon 520,5504148.0,76,16,5
Intel Core i3 7100U 2.4GHz,4,256GB SSD,Intel HD Graphics 620,5593068.0,53,16,48
Intel Core i5 8250U 1.6GHz,8,256GB SSD,Intel HD Graphics 620,11692980.0,76,16,48
Intel Core i7 8550U 1.8GHz,8,256GB SSD,Intel UHD Graphics 620,9327708.0,98,16,55
Intel Core i3 6006U 2.2GHz,4,500GB HDD,Intel HD Graphics 520,3974724.0,49,25,42
AMD A9-Series 9420 3GHz,4,1TB HDD,AMD Radeon R5 M420,3583476.0,14,9,19
Intel Core i5 8250U 1.6GHz,4,256GB SSD,Nvidia GeForce MX150,7158060.0,76,16,90
Intel Core i5 8250U 1.6GHz,8,256GB SSD,AMD Radeon 520,6473376.0,76,16,5
Intel Core i7 7700HQ 2.8GHz,16,256GB SSD,Nvidia GeForce GTX 1050 Ti,9594468.0,94,16,69
Intel Celeron Dual Core N3350 1.1GHz,4,1TB HDD,Intel HD Graphics 500,3094416.0,35,9,38
Intel Core i7 7700HQ 2.8GHz,16,256GB SSD +  1TB HDD,Nvidia GeForce GTX 1060,15996708.0,94,17,72
Intel Pentium Quad Core N4200 1.1GHz,4,1TB HDD,Intel HD Graphics 505,3232330.92,103,9,39
Intel Core i7 7700HQ 2.8GHz,8,128GB SSD +  1TB HDD,Nvidia GeForce GTX 1050,9429877.08,94,4,68
Intel Core i5 8250U 1.6GHz,8,256GB SSD,Nvidia GeForce MX150,7593768.0,76,16,90
Intel Core i5 8250U 1.6GHz,4,500GB HDD,Intel UHD Graphics 620,6704568.0,76,25,55
Intel Core i5 7200U 2.5GHz,8,256GB SSD,Intel HD Graphics 620,11995308.0,68,16,48
Intel Core i5 7200U 2.5GHz,6,2TB HDD,AMD Radeon 520,6215508.0,68,21,5
AMD A6-Series 9220 2.9GHz,4,500GB HDD,AMD Radeon R4 Graphics,2747628.0,10,25,15
Intel Core i3 7100U 2.4GHz,4,500GB HDD,Intel HD Graphics 620,4348188.0,53,25,48
Intel Core i5 8250U 1.6GHz,8,256GB SSD,Nvidia GeForce 930MX,8207316.0,76,16,63
Intel Core i3 7100U 2.4GHz,8,1TB HDD,Intel HD Graphics 620,4081428.0,53,9,48
Intel Core i3 6006U 2GHz,4,128GB SSD,Intel HD Graphics 520,3992508.0,50,3,42
Intel Core i7 6920HQ 2.9GHz,32,512GB SSD +  1TB HDD,Nvidia GTX 980 SLI,24888708.0,87,29,56
Intel Core i5 7200U 2.5GHz,8,128GB SSD +  1TB HDD,AMD R17M-M1-70,7229196.0,68,4,3
Intel Core i5 8250U 1.6GHz,8,256GB SSD,Intel UHD Graphics 620,13329108.0,76,16,55
Intel Core i7 8550U 1.8GHz,16,256GB SSD +  2TB HDD,AMD Radeon 530,9327708.0,98,19,6
Intel Core i5 8250U 1.6GHz,8,256GB SSD,Intel UHD Graphics 620,12439908.0,76,16,55
Intel Core i7 8550U 1.8GHz,16,512GB SSD,Intel UHD Graphics 620,16441308.0,98,28,55
Intel Core i5 7200U 2.5GHz,8,128GB SSD,Intel HD Graphics 620,7051356.0,68,3,48
Intel Core i5 8250U 1.6GHz,8,256GB SSD,Nvidia GeForce MX150,10661508.0,76,16,90
Intel Core i7 8550U 1.8GHz,16,512GB SSD,Nvidia GeForce 150MX,13773708.0,98,28,57
Intel Core i7 7700HQ 2.8GHz,16,512GB SSD,Nvidia GeForce GTX 1050,21314124.0,94,28,68
Intel Core i5 7300HQ 2.5GHz,8,256GB SSD,Nvidia GeForce GTX 1050,6926868.0,70,16,68
Intel Core i5 7Y54 1.2GHz,8,256GB SSD,Intel HD Graphics 615,8794188.0,74,16,47
Intel Core i7 8550U 1.8GHz,8,128GB SSD +  1TB HDD,AMD Radeon 530,9647820.0,98,4,6
Intel Core i7 7500U 2.7GHz,16,1TB SSD,Intel HD Graphics 620,25111008.0,89,12,48
Intel Celeron Dual Core N3350 1.1GHz,4,32GB Flash Storage,Intel HD Graphics 500,2311920.0,35,22,38
Intel Core i5 7200U 2.5GHz,8,256GB SSD,Nvidia GeForce MX150,8891110.8,68,16,90
Intel Core i5 8250U 1.6GHz,8,256GB SSD,Nvidia GeForce MX150,6206616.0,76,16,90
Intel Core i7 8550U 1.8GHz,8,1TB HDD,Intel UHD Graphics 620,7460388.0,98,9,55
Intel Core i5 8250U 1.6GHz,8,1TB HDD,Nvidia GeForce 930MX,8127288.0,76,9,63
Intel Core i7 7820HK 2.9GHz,32,1TB SSD,Nvidia GeForce GTX 1080,54232308.0,95,12,75
Intel Core i5 8250U 1.6GHz,8,512GB SSD,Intel UHD Graphics 620,8527428.0,76,28,55
Intel Core i7 7700HQ 2.8GHz,16,256GB SSD +  1TB HDD,Nvidia GeForce GTX 1050,12262068.0,94,17,68
Intel Core i7 8550U 1.8GHz,8,256GB SSD,Nvidia GeForce 930MX ,9292140.0,98,16,64
Intel Core i7 7700HQ 2.8GHz,16,512GB SSD +  1TB HDD,Nvidia GeForce GTX 1060,16405740.0,94,29,72
Intel Core i5 6200U 2.3GHz,4,128GB SSD,Intel HD Graphics 520,4383756.0,62,3,42
Intel Core i7 7500U 2.7GHz,8,1TB HDD,Nvidia GeForce 940MX,6597864.0,89,9,66
Intel Core i7 7700HQ 2.8GHz,16,512GB SSD +  1TB HDD,Nvidia GeForce GTX 1060,15552108.0,94,29,72
Intel Xeon E3-1505M V6 3GHz,16,256GB SSD +  1TB HDD,Nvidia Quadro M1200,27165060.0,104,17,92
Intel Core i7 7700HQ 2.8GHz,16,512GB SSD,Nvidia GeForce GTX 1060,12431016.0,94,28,72
Intel Core i3 7100U 2.4GHz,6,1TB HDD,Intel HD Graphics 620,3903588.0,53,9,48
Intel Core i7 8550U 1.8GHz,8,256GB SSD,Intel UHD Graphics 620,17330508.0,98,16,55
Intel Core i7 8550U 1.8GHz,8,256GB SSD,Intel UHD Graphics 620,12884508.0,98,16,55
Intel Core i5 7200U 2.5GHz,8,256GB SSD,Intel HD Graphics 620,5308524.0,68,16,48
Intel Core i7 7700HQ 2.8GHz,8,1TB HDD,Nvidia GeForce GTX 1050,6926868.0,94,9,68
Intel Core i7 7700HQ 2.8GHz,16,256GB SSD +  1TB HDD,Nvidia GeForce GTX 1050,12511044.0,94,17,68
Intel Core i3 6006U 2GHz,4,500GB HDD,Intel HD Graphics 520,3103308.0,50,25,42
Intel Core i5 7200U 2.5GHz,8,256GB SSD,Intel HD Graphics 620,4881708.0,68,16,48
Intel Core i7 7500U 2.7GHz,8,512GB SSD,Intel HD Graphics 620,13329108.0,89,28,48
Intel Core i7 8550U 1.8GHz,8,256GB SSD,AMD Radeon 530,8286276.96,98,16,6
Intel Core i5 7200U 2.5GHz,8,1TB HDD,Nvidia GeForce GTX 940MX,5237388.0,68,9,78
Intel Core i7 8550U 1.8GHz,8,256GB SSD,Nvidia GeForce 930MX,9167652.0,98,16,63
Intel Core i5 8250U 1.6GHz,8,256GB SSD,Intel UHD Graphics 620,10216908.0,76,16,55
Intel Core i7 8550U 1.8GHz,16,512GB SSD,Intel UHD Graphics 620,11372868.0,98,28,55
Intel Core i5 8250U 1.6GHz,8,256GB SSD,AMD Radeon 520,6022996.2,76,16,5
Intel Core i5 8250U 1.6GHz,8,256GB SSD,Intel UHD Graphics 620,7993908.0,76,16,55
Intel Core i7 6500U 2.5GHz,8,256GB SSD,Intel HD Graphics 520,12119796.0,81,16,42
Intel Core i5 8250U 1.6GHz,8,1TB HDD,Intel UHD Graphics 620,7060248.0,76,9,55
Intel Core i7 7700HQ 2.8GHz,16,256GB SSD +  1TB HDD,Nvidia GeForce GTX 1060,21841775.28,94,17,72
Intel Core i7 7500U 2.7GHz,8,256GB SSD,Nvidia GeForce 940MX,7398144.0,89,16,66
Intel Core i7 7500U 2.7GHz,16,1TB HDD,AMD Radeon R7 M445,7638316.92,89,9,26
Intel Core i5 7200U 2.5GHz,8,256GB SSD,Nvidia GeForce 920MX ,6837948.0,68,16,61
Intel Core i5 7200U 2.5GHz,8,256GB SSD +  500GB HDD,Nvidia GeForce GTX 950M,7922772.0,68,20,79
Intel Core i7 7500U 2.7GHz,8,1TB HDD,AMD FirePro W4190M ,11283948.0,89,9,1
Intel Core i3 7100U 2.4GHz,4,1TB HDD,Intel HD Graphics 620,3547819.08,53,9,48
AMD E-Series 9000e 1.5GHz,4,500GB HDD,AMD Radeon R2,2934360.0,18,25,11
Intel Core i7 7700HQ 2.8GHz,16,256GB SSD +  1TB HDD,Nvidia GeForce GTX 1060,13329108.0,94,17,72
Intel Core i5 7200U 2.5GHz,8,256GB SSD,Intel HD Graphics 620,7638228.0,68,16,48
Intel Core i5 6200U 2.3GHz,8,256GB SSD,Intel HD Graphics 520,6126588.0,62,16,42
Intel Core i7 7500U 2.7GHz,16,256GB SSD,AMD Radeon R7 M445,7993908.0,89,16,26
Intel Core i3 6006U 2GHz,4,1TB HDD,Intel HD Graphics 520,3467880.0,50,9,42
AMD A10-Series A10-9620P 2.5GHz,4,128GB SSD +  1TB HDD,AMD Radeon R5 M430,5112900.0,3,4,21
Intel Core i7 7820HK 2.9GHz,32,512GB SSD +  1TB HDD,Nvidia GeForce GTX 1080,34589880.0,95,29,75
Intel Core i5 7300HQ 2.5GHz,8,256GB SSD,Nvidia GeForce GTX 1050,7522632.0,70,16,68
Intel Core i3 6006U 2GHz,8,128GB SSD,Intel HD Graphics 520,5237388.0,50,3,42
Intel Core i7 8550U 1.8GHz,8,128GB SSD +  1TB HDD,Nvidia GeForce 150MX,10181340.0,98,4,57
Intel Core i7 7500U 2.7GHz,8,128GB SSD +  1TB HDD,Nvidia GeForce GTX 950M,7904988.0,89,4,79
Intel Core i5 7300HQ 2.5GHz,8,256GB SSD,Nvidia GeForce GTX 1050,7816068.0,70,16,68
Intel Core i7 7500U 2.7GHz,8,256GB SSD,Intel HD Graphics 620,9594468.0,89,16,48
Intel Core i7 8550U 1.8GHz,8,128GB SSD +  2TB HDD,AMD Radeon 530,8758620.0,98,5,6
Intel Core i5 7200U 2.5GHz,8,1TB HDD,Intel HD Graphics 620,4970628.0,68,9,48
Intel Core i7 7820HK 2.9GHz,16,256GB SSD,Nvidia GeForce GTX 1080,26667108.0,95,16,75
Intel Core i5 8250U 1.6GHz,4,500GB HDD,Intel UHD Graphics 620,6002100.0,76,25,55
Intel Core i5 3.1GHz,8,512GB SSD,Intel Iris Plus Graphics 650,18139680.0,61,28,53
Intel Core i7 8550U 1.8GHz,8,1TB HDD,Intel UHD Graphics 620,7282548.0,98,9,55
Intel Core i7 7700HQ 2.8GHz,16,256GB SSD +  1TB HDD,Nvidia GeForce GTX 980M,15996708.0,94,17,85
AMD A9-Series 9420 3GHz,4,1TB HDD,AMD Radeon R5 M420,4170348.0,14,9,19
Intel Core i7 8550U 1.8GHz,8,512GB SSD,Intel UHD Graphics 620,16441308.0,98,28,55
Intel Core i3 7130U 2.7GHz,4,256GB SSD,Nvidia GeForce MX130,6242184.0,54,16,89
Intel Core i5 8250U 1.6GHz,8,256GB SSD,Intel UHD Graphics 620,8438508.0,76,16,55
AMD A6-Series A6-9220 2.5GHz,8,128GB SSD,AMD Radeon R4 Graphics,3964942.8,11,3,15
Intel Core i7 8550U 1.8GHz,16,1TB HDD,Nvidia GeForce MX150,9416628.0,98,9,90
Intel Core i7 7700HQ 2.8GHz,16,512GB SSD +  1TB HDD,Nvidia GeForce GTX 1070,22221108.0,94,29,73
Intel Core i7 7700HQ 2.8GHz,8,512GB SSD,Nvidia GeForce GTX 1050M,15107508.0,94,28,70
Intel Core i7 8550U 1.8GHz,8,128GB SSD +  1TB HDD,AMD Radeon 530,10154664.0,98,4,6
Intel Core i3 6006U 2GHz,4,256GB SSD,Intel HD Graphics 520,3948048.0,50,16,42
Intel Core i5 8250U 1.6GHz,4,500GB HDD,Intel HD Graphics 620,6420024.0,76,25,48
Intel Core i5 7200U 2.5GHz,4,1TB HDD,Intel HD Graphics 620,5842044.0,68,9,48
Intel Core i5 7200U 2.5GHz,8,1TB HDD,AMD Radeon R5 M430,5023980.0,68,9,21
Intel Core i5 8250U 1.6GHz,8,256GB SSD,Intel UHD Graphics 620,7104708.0,76,16,55
Intel Core i7 8550U 1.8GHz,8,512GB SSD +  512GB SSD,Intel UHD Graphics 620,13329108.0,98,32,55
Intel Core i5 7200U 2.5GHz,4,1TB HDD,Intel HD Graphics 620,4152564.0,68,9,48
Intel Core i7 8550U 1.8GHz,8,1TB HDD,Nvidia GeForce 930MX ,9052056.0,98,9,64
Intel Core i7 8550U 1.8GHz,8,256GB SSD,Intel UHD Graphics 620,7824960.0,98,16,55
Intel Core i5 2.9GHz,8,512GB SSD,Intel Iris Graphics 550,17418538.8,60,28,51
AMD Ryzen 1700 3GHz,16,256GB SSD +  1TB HDD,AMD Radeon RX 580,13773708.0,25,17,33
Intel Core i7 8550U 1.8GHz,8,256GB SSD,AMD Radeon 520,6536242.44,98,16,5
Intel Core i7 6600U 2.6GHz,16,512GB SSD,Intel HD Graphics 520,22221108.0,83,28,42
Intel Core i7 6500U 2.5GHz,8,500GB HDD,Nvidia GeForce 930M,7220304.0,81,25,62
Intel Core i7 7500U 2.7GHz,12,1TB HDD,Intel HD Graphics 620,6340618.44,89,9,48
Intel Core i7 8550U 1.8GHz,8,128GB SSD +  1TB HDD,AMD Radeon 530,9772308.0,98,4,6
Intel Core i7 8550U 1.8GHz,8,1TB HDD,Nvidia GeForce MX130,6624540.0,98,9,89
Intel Core i3 6006U 2GHz,4,1TB HDD,Intel HD Graphics 520,4348188.0,50,9,42
Intel Core i7 8550U 1.8GHz,8,2TB HDD,Nvidia GeForce MX150,7549308.0,98,21,90
Intel Core i7 7500U 2.7GHz,6,128GB SSD +  1TB HDD,Nvidia GeForce 940MX,7638228.0,89,4,66
Intel Core i3 6006U 2.0GHz,4,1TB HDD,AMD Radeon R5 M430,3805776.0,48,9,21
Intel Core i5 7300HQ 2.5GHz,8,256GB SSD,Nvidia GeForce GTX 1050,7371468.0,70,16,68
Intel Core i5 7200U 2.5GHz,6,256GB SSD,Intel HD Graphics 620,5148468.0,68,16,48
Intel Core i7 8550U 1.8GHz,8,256GB SSD,Nvidia GeForce MX150,8456292.0,98,16,90
Intel Core i7 7500U 2.7GHz,12,1TB HDD,Intel HD Graphics 620,5859828.0,89,9,48
Intel Core i7 7500U 2.7GHz,8,256GB SSD,Intel HD Graphics 630,9754524.0,89,16,49
Intel Core i5 7200U 2.5GHz,8,256GB SSD,Nvidia GeForce 940MX,8687484.0,68,16,66
Intel Core i7 7700HQ 2.8GHz,16,256GB SSD +  1TB HDD,Nvidia GeForce GTX 1050 Ti,10483668.0,94,17,69
Intel Core i7 7500U 2.7GHz,8,1TB HDD,Nvidia GeForce 940MX,5859916.92,89,9,66
Intel Celeron Dual Core 3205U 1.5GHz,2,16GB SSD,Intel HD Graphics,1769508.0,30,7,35
Intel Core i7 7700HQ 2.8GHz,8,1TB HDD,Nvidia GeForce GTX 1050,10554804.0,94,9,68
Intel Core i3 6006U 2GHz,8,1TB HDD,Intel HD Graphics 520,4348188.0,50,9,42
Intel Core i7 7700HQ 2.8GHz,8,256GB SSD,Nvidia GeForce GTX 1050,16263468.0,94,16,68
Intel Core i5 8250U 1.6GHz,8,256GB SSD,Intel UHD Graphics 620,6571188.0,76,16,55
Intel Core i7 7700HQ 2.8GHz,8,1TB HDD,Nvidia GeForce GTX 1060,11550708.0,94,9,72
Intel Core i7 7700HQ 2.8GHz,8,256GB SSD,Nvidia GeForce GTX 1050 Ti,8705268.0,94,16,69
Intel Core i7 7820HQ 2.9GHz,16,256GB SSD,Nvidia Quadro M1200,25652175.12,96,16,92
AMD A10-Series 9600P 2.4GHz,6,1TB HDD,AMD Radeon R5 430,4437108.0,1,9,17
Intel Core i7 7500U 2.7GHz,16,512GB SSD,Nvidia GeForce 940MX,13053456.0,89,28,66
Intel Core i3 7100U 2.4GHz,4,128GB SSD,Intel HD Graphics 620,4526028.0,53,3,48
Intel Core i7 7700HQ 2.8GHz,16,256GB SSD +  1TB HDD,Nvidia GeForce GTX 1070,18868824.0,94,17,73
Intel Core i5 7200U 2.5GHz,6,1TB HDD,Nvidia GeForce GTX 940M,5770908.0,68,9,77
Intel Core i5 7200U 2.5GHz,8,2TB HDD,Nvidia GeForce 940MX,4881708.0,68,21,66
Intel Core i7 7700HQ 2.8GHz,8,128GB SSD +  1TB HDD,Nvidia GeForce GTX 1050 Ti,11248380.0,94,4,69
Intel Pentium Quad Core N4200 1.1GHz,4,1TB HDD,Intel HD Graphics 505,3201031.08,103,9,39
Intel Core i7 7600U 2.8GHz,16,256GB SSD,Intel HD Graphics 620,17561700.0,91,16,48
Intel Core i7 6500U 2.5GHz,8,256GB SSD,Nvidia GeForce 930M,9274356.0,81,16,62
Intel Core i5 7200U 2.5GHz,8,128GB SSD +  1TB HDD,Nvidia GeForce 940MX,7282548.0,68,4,66
Intel Core i3 6006U 2GHz,4,1TB HDD,Intel HD Graphics 520,4170348.0,50,9,42
Intel Core i5 7200U 2.5GHz,8,256GB SSD,Intel HD Graphics 620,8883108.0,68,16,48
Intel Core i7 8550U 1.8GHz,16,1TB SSD,Intel UHD Graphics 620,22221108.0,98,12,55
Intel Core i7 7700HQ 2.8GHz,16,256GB SSD +  1TB HDD,Nvidia GeForce GTX 1070,18664308.0,94,17,73
AMD A8-Series 7410 2.2GHz,8,256GB SSD,AMD Radeon R5,4170348.0,12,16,16
Intel Celeron Dual Core N3350 1.1GHz,2,32GB Flash Storage,Intel HD Graphics 500,2445300.0,35,22,38
Intel Core i5 8250U 1.6GHz,8,128GB SSD +  1TB HDD,AMD Radeon 530,7504848.0,76,4,6
Intel Core i7 8550U 1.8GHz,16,1TB SSD,Intel UHD Graphics 620,21776508.0,98,12,55
Intel Celeron Dual Core 3855U 1.6GHz,4,16GB Flash Storage,Intel HD Graphics 510,4089430.8,31,6,40
Intel Core i5 7200U 2.5GHz,8,256GB SSD,Intel HD Graphics 620,8714160.0,68,16,48
Intel Pentium Quad Core N3710 1.6GHz,4,128GB Flash Storage,Intel HD Graphics 405,4312620.0,102,1,37
Intel Core i7 7500U 2.7GHz,8,256GB SSD,Intel HD Graphics 620,11488464.0,89,16,48
Intel Core i5 7200U 2.5GHz,4,1TB HDD,Nvidia GeForce 920MX,5237388.0,68,9,60
Intel Core i7 7500U 2.7GHz,8,256GB SSD,Intel HD Graphics 620,9727848.0,89,16,48
Intel Core i7 8550U 1.8GHz,8,1TB HDD,Intel UHD Graphics 620,8020584.0,98,9,55
AMD A12-Series 9720P 2.7GHz,8,256GB SSD,AMD Radeon RX 540,5859828.0,5,16,30
Intel Celeron Dual Core N3350 1.1GHz,4,32GB Flash Storage,Intel HD Graphics 500,2596464.0,35,22,38
Intel Core i5 7200U 2.5GHz,6,1TB HDD,Intel HD Graphics 620,4881708.0,68,9,48
Intel Core i7 7500U 2.7GHz,8,256GB SSD,Nvidia GeForce 940MX,9335710.8,89,16,66
Intel Core i7 7500U 2.7GHz,8,256GB SSD,Intel HD Graphics 620,11870820.0,89,16,48
Intel Core i7 7700HQ 2.8GHz,32,1TB SSD,Nvidia GeForce GTX 1050,23465988.0,94,12,68
Intel Core i7 7700HQ 2.8GHz,8,256GB SSD +  1TB HDD,Nvidia GeForce GTX 1050 Ti,10661508.0,94,17,69
Intel Core i5 7200U 2.5GHz,8,256GB SSD,Intel HD Graphics 620,8385156.0,68,16,48
Intel Core i7 7500U 2.7GHz,8,256GB SSD +  1TB HDD,Intel HD Graphics 620,11861928.0,89,17,48
Intel Core i3 6006U 2GHz,4,1TB HDD,Intel HD Graphics 520,3992508.0,50,9,42
Intel Core i7 7700HQ 2.8GHz,8,256GB SSD,Nvidia GeForce GTX 1050,8883108.0,94,16,68
Intel Core i5 7300U 2.6GHz,8,256GB SSD,Intel HD Graphics 620,11275056.0,71,16,48
Intel Core i5 8250U 1.6GHz,8,128GB SSD +  1TB HDD,Nvidia GeForce 940MX,9327708.0,76,4,66
Intel Core i5 7200U 2.5GHz,8,256GB SSD,Intel HD Graphics 620,10172448.0,68,16,48
Intel Celeron Dual Core N3350 1.1GHz,4,1TB HDD,Intel HD Graphics 500,2445211.08,35,9,38
Intel Core i5 8250U 1.6GHz,8,256GB SSD,Nvidia GeForce 940MX,10161333.0,76,16,66
Intel Celeron Dual Core N3060 1.6GHz,4,500GB HDD,Intel HD Graphics,2444410.8,34,25,35
AMD A12-Series 9720P 3.6GHz,12,2TB HDD,AMD Radeon 530,7993908.0,6,21,6
Intel Core i3 7100U 2.4GHz,8,1TB HDD,Nvidia GeForce 930MX ,6366672.0,53,9,64
Intel Core i7 8550U 1.8GHz,16,512GB SSD,Intel UHD Graphics 620,18664308.0,98,28,55
Intel Core i7 8550U 1.8GHz,8,256GB SSD,Intel UHD Graphics 620,14040468.0,98,16,55
Intel Core i7 7700HQ 2.8GHz,16,256GB SSD +  2TB HDD,Nvidia GeForce GTX 1050 Ti,10039068.0,94,19,69
Intel Celeron Dual Core N3060 1.6GHz,2,32GB Flash Storage,Intel HD Graphics 400,2480868.0,34,22,36
Intel Core i7 8650U 1.9GHz,16,512GB SSD +  256GB SSD,Intel UHD Graphics 620,14297980.32,99,30,55
Intel Celeron Dual Core N3350 1.1GHz,4,32GB Flash Storage,Intel HD Graphics 500,3334500.0,35,22,38
Intel Core i5 8250U 1.6GHz,8,1TB HDD,AMD Radeon 530,5895396.0,76,9,6
Intel Core i7 7700HQ 2.8GHz,16,512GB SSD,Nvidia GeForce GTX 1050,18027818.64,94,28,68
Intel Core i7 7500U 2.7GHz,8,256GB SSD,Intel HD Graphics 620,11595168.0,89,16,48
Intel Core i7 7700HQ 2.8GHz,8,128GB SSD +  1TB HDD,Nvidia GeForce GTX 1060,12528828.0,94,4,72
Intel Core i7 7700HQ 2.8GHz,8,256GB SSD,Nvidia Quadro M1200,15456696.84,94,16,92
Intel Core i7 6500U 2.5GHz,16,512GB SSD,Nvidia GeForce 930M,12475476.0,81,28,62
Intel Core i7 8550U 1.8GHz,8,128GB SSD +  2TB HDD,AMD Radeon 530,8633242.8,98,5,6
Intel Celeron Dual Core N3350 1.1GHz,4,1TB HDD,Intel HD Graphics 500,2863135.08,35,9,38
Intel Core i5 7300HQ 2.5GHz,8,1TB HDD,Nvidia GeForce GTX 1050,8883108.0,70,9,68
Intel Core i5 7200U 2.5GHz,8,2TB HDD,Intel HD Graphics 620,4956134.04,68,21,48
Intel Core i5 7300U 2.6GHz,8,256GB SSD,Intel HD Graphics 620,12688884.0,71,16,48
Intel Core i3 6006U 2GHz,4,500GB HDD,Intel HD Graphics 520,3903588.0,50,25,42
Intel Core i5 7200U 2.5GHz,8,256GB SSD,Intel HD Graphics 620,8402940.0,68,16,48
Intel Core i5 7200U 2.5GHz,6,128GB SSD +  1TB HDD,Nvidia GeForce GTX 940MX,6393348.0,68,4,78
Intel Core i5 7200U 2.5GHz,8,1TB HDD,Intel HD Graphics 620,5681988.0,68,9,48
Intel Core i3 6006U 2GHz,8,256GB SSD,Nvidia GeForce 920MX ,4437108.0,50,16,61
Intel Pentium Quad Core N3710 1.6GHz,8,2TB HDD,Intel HD Graphics 405,3458988.0,102,21,37
Intel Core i5 8250U 1.6GHz,8,128GB SSD +  1TB HDD,AMD Radeon 530,9647820.0,76,4,6
Intel Core i5 7300HQ 2.5GHz,8,128GB SSD +  1TB HDD,Nvidia GeForce GTX 1050,7193628.0,70,4,68
Intel Core i7 7500U 2.7GHz,8,256GB SSD,AMD Radeon R7 M445,7993908.0,89,16,26
Intel Core i7 7500U 2.7GHz,8,256GB SSD,Intel HD Graphics 620,15561000.0,89,16,48
Intel Core i7 7500U 2.7GHz,12,512GB SSD +  2TB HDD,Nvidia GeForce GT 940MX,9772308.0,89,31,67
AMD A9-Series 9420 3GHz,4,128GB SSD,AMD Radeon R5,3787992.0,14,3,16
AMD Ryzen 1700 3GHz,16,256GB SSD +  1TB HDD,AMD Radeon RX 580,19553508.0,25,17,33
AMD A8-Series 7410 2.2GHz,4,128GB SSD,AMD Radeon R5,4348188.0,12,3,16
Intel Core i7 8550U 1.8GHz,8,256GB SSD,Intel UHD Graphics 620,7727236.92,98,16,55
AMD A9-Series 9420 3GHz,4,256GB SSD,AMD Radeon R5,4348099.08,14,16,16
Intel Celeron Quad Core N3450 1.1GHz,4,128GB SSD,Intel HD Graphics 500,4917276.0,38,3,38
Intel Celeron Dual Core N3060 1.60GHz,4,500GB HDD,Intel HD Graphics 400,2747628.0,33,25,36
Intel Celeron Dual Core N3350 1.1GHz,4,32GB Flash Storage,Intel HD Graphics 500,2543112.0,35,22,38
Intel Core i7 7700HQ 2.8GHz,8,1TB HDD,Nvidia GeForce GTX 1050,7522632.0,94,9,68
Intel Core i7 7700HQ 2.8GHz,8,128GB SSD +  1TB HDD,Nvidia GeForce GTX 1050,10590372.0,94,4,68
Intel Core i3 6006U 2GHz,4,128GB SSD,Intel HD Graphics 520,3587922.0,50,3,42
Intel Core i7 7700HQ 2.8GHz,8,128GB SSD +  1TB HDD,Nvidia GeForce GTX 1060,14716260.0,94,4,72
Intel Core i5 7200U 2.5GHz,8,256GB SSD,Nvidia GeForce 940MX,9772308.0,68,16,66
Intel Core i7 7500U 2.7GHz,16,512GB SSD,Intel HD Graphics 620,15551218.8,89,28,48
Intel Core i7 7500U 2.7GHz,8,512GB SSD,Intel HD Graphics 620,20291544.0,89,28,48
Intel Core i3 7100U 2.4GHz,4,128GB SSD,Intel HD Graphics 620,4881708.0,53,3,48
Intel Core i5 6440HQ 2.6GHz,8,500GB HDD,AMD FirePro W5130M,12173148.0,66,25,2
Intel Core i7 6820HQ 2.7GHz,8,256GB SSD,Nvidia Quadro M1200,18984420.0,86,16,92
Intel Core i7 7500U 2.7GHz,16,512GB SSD,Intel HD Graphics 620,22310028.0,89,28,48
Intel Core i7 7700HQ 2.8GHz,8,1TB HDD,Nvidia GeForce GTX 1050,9238788.0,94,9,68
Intel Core i7 7700HQ 2.8GHz,16,256GB SSD +  1TB HDD,Nvidia GeForce GTX 1050 Ti,14147172.0,94,17,69
Intel Core i5 8250U 1.6GHz,12,1TB HDD,Nvidia GeForce MX130,6170959.08,76,9,89
Intel Core i7 7700HQ 2.8GHz,8,256GB SSD,Nvidia GeForce GTX 1050 Ti,11995308.0,94,16,69
Intel Core i7 7500U 2.7GHz,8,256GB SSD,AMD Radeon R7 M445,6925712.04,89,16,26
AMD A9-Series 9420 3GHz,4,256GB SSD,AMD Radeon 520,4437108.0,14,16,5
Intel Core i7 8550U 1.8GHz,8,256GB SSD,AMD Radeon RX 550,10933247.52,98,16,31
Intel Core i5 7200U 2.5GHz,8,256GB SSD,Intel HD Graphics 620,8340696.0,68,16,48
Intel Core i7 7700HQ 2.8GHz,8,256GB SSD,Nvidia Quadro M1200,24115104.0,94,16,92
Intel Core i7 7500U 2.7GHz,16,1TB SSD,Intel HD Graphics 620,23341500.0,89,12,48
Intel Celeron Dual Core N3350 1.1GHz,4,1TB HDD,Intel HD Graphics 500,2720952.0,35,9,38
Intel Core i7 7700HQ 2.8GHz,16,256GB SSD +  1TB HDD,Nvidia GeForce GTX 1050,13595868.0,94,17,68
Intel Core i5 8250U 1.6GHz,8,256GB SSD +  1TB HDD,AMD Radeon RX 550,10176894.0,76,17,31
Intel Core i7 7700HQ 2.8GHz,8,256GB SSD,Nvidia GeForce GTX 1050,7816068.0,94,16,68
Intel Core i7 7700HQ 2.8GHz,16,256GB SSD +  1TB HDD,Nvidia GeForce GTX 1070,19998108.0,94,17,73
Intel Core i7 7500U 2.7GHz,8,512GB SSD,Intel HD Graphics 620,16654716.0,89,28,48
Intel Core i7 6500U 2.5GHz,16,512GB SSD,Intel HD Graphics 520,15534324.0,81,28,42
Intel Core i7 7600U 2.8GHz,8,512GB SSD,Intel HD Graphics,14938560.0,91,28,35
Intel Core i3 6006U 2GHz,4,500GB HDD,Intel HD Graphics 520,3636828.0,50,25,42
Intel Celeron Dual Core N3350 1.1GHz,2,32GB Flash Storage,Intel HD Graphics 500,2707169.4,35,22,38
Intel Core i7 7700HQ 2.8GHz,8,512GB SSD,Nvidia Quadro M1200,17117100.0,94,28,92
Intel Core i7 7700HQ 2.8GHz,8,512GB SSD,Nvidia GeForce GT 940MX,17277156.0,94,28,67
Intel Core i3 6006U 2GHz,4,1TB HDD,AMD Radeon 520,4170348.0,50,9,5
Intel Core i7 6500U 2.5GHz,8,256GB SSD,Intel HD Graphics 520,7015876.92,81,16,42
Intel Core i5 7200U 2.5GHz,8,256GB SSD,Intel HD Graphics 620,8251776.0,68,16,48
Intel Core i5 7200U 2.5GHz,4,256GB SSD,AMD Radeon R5 M430,5325418.8,68,16,21
Intel Core i3 6006U 2GHz,4,128GB SSD,Intel HD Graphics 520,6126588.0,50,3,42
Intel Core i7 6500U 2.5GHz,8,256GB SSD,Intel HD Graphics 520,13338000.0,81,16,42
Intel Core i5 7200U 2.5GHz,8,1TB HDD,Intel HD Graphics 620,4801235.4,68,9,48
Intel Core i7 8550U 1.8GHz,8,256GB SSD,AMD Radeon RX 550,10807158.96,98,16,31
Intel Core i7 7700HQ 2.8GHz,16,512GB SSD,Nvidia GeForce GTX 1050,16885908.0,94,28,68
Intel Celeron Quad Core N3450 1.1GHz,6,64GB Flash Storage,Intel HD Graphics 500,3992508.0,38,33,38
Intel Core i7 7820HQ 2.9GHz,8,256GB SSD,Intel HD Graphics 630,12688884.0,96,16,49
Intel Core i3 7100U 2.4GHz,8,1TB HDD,Nvidia GeForce 940MX,5308524.0,53,9,66
Intel Core i7 7820HK 2.9GHz,16,256GB SSD +  1TB HDD,Nvidia GeForce GTX 1070,24888708.0,95,17,73
Intel Core i7 7700HQ 2.8GHz,8,128GB SSD +  1TB HDD,Nvidia GeForce GTX 1050 Ti,10305828.0,94,4,69
Intel Core i7 8550U 1.8GHz,8,256GB SSD +  2TB HDD,AMD Radeon 530,10158220.8,98,19,6
Intel Core i7 7600U 2.8GHz,8,256GB SSD,Intel HD Graphics 620,9772308.0,91,16,48
Intel Core i7 7700HQ 2.8GHz,12,256GB SSD +  1TB HDD,Nvidia GeForce GTX 1070,17775108.0,94,17,73
Intel Celeron Dual Core N3350 1.1GHz,4,32GB SSD,Intel HD Graphics 500,2658708.0,35,24,38
Intel Celeron Dual Core N3060 1.6GHz,4,16GB Flash Storage,Intel HD Graphics 400,2391948.0,34,6,36
Intel Core i7 7500U 2.7GHz,8,256GB SSD,Intel HD Graphics 620,8980920.0,89,16,48
Intel Core i3 7130U 2.7GHz,4,128GB SSD,Intel HD Graphics 620,5326308.0,54,3,48
Intel Core i7 7600U 2.8GHz,16,512GB SSD,Nvidia GeForce 940MX,21740940.0,91,28,66
Intel Core i7 7820HQ 2.9GHz,16,512GB SSD,Nvidia Quadro M2200M,21776508.0,96,28,95
AMD Ryzen 1600 3.2GHz,8,256GB SSD +  1TB HDD,AMD Radeon RX 580,15071940.0,24,17,33
Intel Celeron Dual Core N3060 1.6GHz,4,500GB HDD,Intel HD Graphics 400,3085524.0,34,25,36
Intel Core i7 7Y75 1.3GHz,16,512GB SSD,Intel HD Graphics 615,19553508.0,97,28,47
Intel Core i7 7500U 2.7GHz,24,512GB SSD,Intel HD Graphics 620,21180744.0,89,28,48
Intel Core i5 7200U 2.5GHz,4,256GB SSD,Intel HD Graphics 620,4970628.0,68,16,48
AMD A6-Series 9220 2.5GHz,8,1TB HDD,AMD Radeon R4,4614948.0,9,9,14
Intel Core i5 8250U 1.6GHz,4,256GB SSD,AMD Radeon 530,6660108.0,76,16,6
Intel Core i5 7200U 2.5GHz,8,256GB SSD,Intel HD Graphics 620,12706668.0,68,16,48
Intel Pentium Quad Core N4200 1.1GHz,4,128GB SSD,Intel HD Graphics 505,3103308.0,103,3,39
Intel Core i7 7700HQ 2.8GHz,8,128GB SSD +  1TB HDD,Nvidia GeForce GTX 1050,9772308.0,94,4,68
Intel Core i5 7440HQ 2.8GHz,8,256GB SSD,Nvidia GeForce 930MX,10483668.0,72,16,63
Intel Core i5 7200U 2.5GHz,4,500GB HDD,Intel HD Graphics 620,3928485.6,68,25,48
Intel Xeon E3-1505M V6 3GHz,8,64GB Flash Storage +  1TB HDD,Nvidia Quadro M620,17721756.0,104,34,97
Intel Core i5 7300HQ 2.5GHz,8,256GB SSD,Nvidia GeForce GTX 1050,9138664.08,70,16,68
Intel Core i7 7660U 2.5GHz,16,512GB SSD,Intel Iris Plus Graphics 640,23021388.0,92,28,52
Intel Core i5 7200U 2.5GHz,8,128GB SSD,Intel HD Graphics 620,5237388.0,68,3,48
Intel Core i7 6820HQ 2.7GHz,16,256GB SSD,Nvidia Quadro M620,17561700.0,86,16,97
Intel Core i7 7820HQ 2.9GHz,8,512GB SSD,Intel HD Graphics 620,13640328.0,96,28,48
Intel Core i5 7200U 2.5GHz,8,256GB SSD,Intel HD Graphics 620,11959740.0,68,16,48
Intel Core i7 8550U 1.8GHz,8,128GB SSD +  1TB HDD,AMD Radeon 530,8705268.0,98,4,6
Intel Pentium Quad Core N3710 1.6GHz,4,500GB HDD,Intel HD Graphics 405,4259268.0,102,25,37
Intel Core i7 7700HQ 2.7GHz,8,1TB HDD,Nvidia GeForce GTX 1060,18193032.0,93,9,72
Intel Core M m3-7Y30 2.2GHz,4,128GB SSD,Intel HD Graphics 615,8794188.0,46,3,47
Intel Core i7 7660U 2.5GHz,8,256GB SSD,Intel Iris Plus Graphics 640,15996708.0,92,16,52
Intel Core i3 6006U 2GHz,8,256GB SSD,Intel HD Graphics 520,5689990.8,50,16,42
Intel Core i3 6006U 2GHz,4,1TB HDD,Nvidia GeForce 940MX,4837248.0,50,9,66
Intel Celeron Dual Core N3060 1.6GHz,4,128GB SSD,Intel HD Graphics 400,3868020.0,34,3,36
Intel Core i5 7200U 2.5GHz,8,1TB HDD,Intel HD Graphics 620,6660108.0,68,9,48
Intel Core i7 7500U 2.7GHz,8,512GB SSD,AMD Radeon R7 M460,7104708.0,89,28,27
Intel Core i7 7820HQ 2.9GHz,8,256GB SSD,Nvidia Quadro M2200M,18584280.0,96,16,95
Intel Pentium Quad Core N4200 1.1GHz,4,500GB HDD,Intel HD Graphics 500,2703168.0,103,25,38
Intel Core i3 6006U 2GHz,4,500GB HDD,Nvidia GeForce GTX 940MX,4170348.0,50,25,78
Intel Core i5 8250U 1.6GHz,8,2TB HDD,AMD Radeon 530,6749028.0,76,21,6
Intel Core i7 7700HQ 2.8GHz,12,1TB HDD,Nvidia GeForce GTX 1060,15107508.0,94,9,72
Intel Core i7 6600U 2.6GHz,12,256GB SSD,Intel HD Graphics 520,16521336.0,83,16,42
Intel Core i7 8550U 1.8GHz,8,512GB SSD,Intel UHD Graphics 620,17775108.0,98,28,55
Intel Core i5 7200U 2.5GHz,8,500GB HDD,AMD FirePro W4190M ,10261368.0,68,25,1
Intel Core i5 7Y57 1.2GHz,8,128GB SSD,Intel HD Graphics 615,11337300.0,75,3,47
Intel Core i5 8250U 1.6GHz,8,256GB SSD,Intel UHD Graphics 620,16377730.2,76,16,55
Intel Core i7 6700HQ 2.6GHz,12,128GB SSD +  1TB HDD,Intel HD Graphics 530,11550708.0,84,4,43
Intel Core i3 6100U 2.3GHz,8,128GB SSD,Intel HD Graphics 520,6580080.0,52,3,42
Intel Core i7 7700HQ 2.8GHz,8,256GB SSD,Nvidia Quadro M1200,21411936.0,94,16,92
Intel Core i5 7200U 2.5GHz,8,1GB SSD,Intel HD Graphics 620,12128688.0,68,8,48
Intel Core i5 8250U 1.6GHz,8,1TB HDD,AMD Radeon 520,6002100.0,76,9,5
Intel Core i5 7200U 2.5GHz,8,256GB SSD,Intel HD Graphics 620,14867424.0,68,16,48
Intel Core i7 8550U 1.8GHz,8,512GB SSD,Nvidia GeForce 940MX,11221704.0,98,28,66
Intel Core i3 7100U 2.4GHz,4,1TB HDD,Intel HD Graphics 620,5216047.2,53,9,48
Intel Core i5 8250U 1.6GHz,4,128GB SSD,Intel UHD Graphics 620,6455592.0,76,3,55
Intel Atom x5-Z8350 1.44GHz,4,64GB Flash Storage,Intel HD Graphics,2213218.8,28,33,35
Intel Core i3 6006U 2.0GHz,4,128GB SSD,Intel HD Graphics 520,5023980.0,48,3,42
Intel Core i5 8250U 1.6GHz,8,256GB SSD,Intel UHD Graphics 620,9327708.0,76,16,55
Intel Core i7 6820HQ 2.7GHz,16,512GB SSD,Nvidia Quadro M620,20789496.0,86,28,97
Intel Core i7 7700HQ 2.8GHz,16,512GB SSD,Nvidia GeForce GTX 1050,16885908.0,94,28,68
Intel Core i7 7500U 2.7GHz,16,512GB SSD,Intel HD Graphics 620,15987816.0,89,28,48
Intel Core i7 7500U 2.7GHz,16,512GB SSD,Intel HD Graphics 620,17339400.0,89,28,48
Intel Core i5 7200U 2.5GHz,8,256GB SSD,Nvidia GeForce 940MX,8998615.08,68,16,66
Intel Core i7 7500U 2.7GHz,32,512GB SSD,Intel HD Graphics 620,24888708.0,89,28,48
Intel Core i7 7700HQ 2.8GHz,8,128GB SSD +  1TB HDD,Nvidia GeForce GTX 1050,12004200.0,94,4,68
AMD A10-Series 9620P 2.5GHz,8,1TB HDD,AMD Radeon RX 540,5148468.0,2,9,30
Intel Core i7 6700HQ 2.6GHz,24,256GB SSD +  1TB HDD,Nvidia GeForce GTX 965M,11283948.0,84,17,83
Intel Core i5 6200U 2.3GHz,8,1GB SSD,Intel HD Graphics 520,9772308.0,62,8,42
Intel Core i7 8550U 1.8GHz,8,256GB SSD,Intel UHD Graphics 620,7993018.8,98,16,55
Intel Core i7 7600U 2.8GHz,8,1TB SSD,Intel HD Graphics 620,15552108.0,91,12,48
Intel Core i3 7100U 2.4GHz,8,256GB SSD,Intel HD Graphics 620,8438508.0,53,16,48
Intel Core i5 7200U 2.5GHz,8,256GB SSD,Intel HD Graphics 620,8100612.0,68,16,48
Intel Celeron Dual Core N3350 1.1GHz,4,64GB Flash Storage,Intel HD Graphics 500,3023280.0,35,33,38
Intel Core i5 7200U 2.5GHz,8,256GB SSD,AMD Radeon 520,5504059.08,68,16,5
Intel Core i5 8250U 1.6GHz,8,256GB SSD,Intel UHD Graphics 620,14218308.0,76,16,55
Intel Celeron Dual Core N3350 1.1GHz,4,500GB HDD,Intel HD Graphics 500,2658708.0,35,25,38
Intel Celeron Dual Core N3060 1.6GHz,4,16GB SSD,Intel HD Graphics 400,2356380.0,34,7,36
Intel Core i5 7200U 2.5GHz,8,256GB SSD,Intel HD Graphics 620,8438508.0,68,16,48
Intel Core i7 7500U 2.7GHz,8,256GB SSD +  1TB HDD,Intel HD Graphics 620,10883808.0,89,17,48
Intel Core i5 8250U 1.6GHz,4,1TB HDD,Nvidia GeForce MX150,5450796.0,76,9,90
Intel Core i7 7500U 2.7GHz,8,512GB SSD,Intel HD Graphics 620,11764116.0,89,28,48
Intel Core i7 7700HQ 2.8GHz,8,256GB SSD +  1TB HDD,Nvidia GeForce GTX 1060,10216908.0,94,17,72
Intel Core i5 7200U 2.5GHz,8,128GB SSD,Intel HD Graphics 620,7993908.0,68,3,48
Intel Core i7 7500U 2.7GHz,4,500GB HDD,Nvidia GeForce 940MX,5681988.0,89,25,66
Intel Core i5 7200U 2.5GHz,8,1TB HDD,Intel HD Graphics 620,7433712.0,68,9,48
Intel Core i7 8550U 1.8GHz,16,256GB SSD +  2TB HDD,AMD Radeon 530,10841482.08,98,19,6
Intel Core i7 8550U 1.8GHz,16,256GB SSD,Nvidia GeForce MX150,12448355.4,98,16,90
Intel Celeron Dual Core N3350 1.1GHz,2,32GB Flash Storage,Intel HD Graphics 500,2178540.0,35,22,38
Intel Core i5 8250U 1.6GHz,4,1TB HDD,Intel UHD Graphics 620,4636911.24,76,9,55
Intel Core i7 7700HQ 2.8GHz,24,512GB SSD,Nvidia GeForce GTX1080,26391456.0,94,28,88
Intel Core i5 7200U 2.5GHz,8,256GB SSD,Nvidia GeForce 930MX,7904988.0,68,16,63
Intel Core i7 7700HQ 2.8GHz,16,256GB SSD +  1TB HDD,Nvidia GeForce GTX1050 Ti,13373568.0,94,17,86
Intel Core i7 7700HQ 2.8GHz,8,256GB SSD +  1TB HDD,Nvidia GeForce GTX 1060,12439908.0,94,17,72
Intel Core i7 7500U 2.7GHz,8,256GB SSD,Intel HD Graphics 620,12439908.0,89,16,48
Intel Core i5 7300U 2.6GHz,8,256GB SSD,Intel HD Graphics 620,11379359.16,71,16,48
Intel Core i3 6006U 2GHz,4,128GB SSD,Intel HD Graphics 520,6126588.0,50,3,42
Intel Core i5 8250U 1.6GHz,8,128GB SSD +  1TB HDD,AMD Radeon 530,7904988.0,76,4,6
Intel Core i5 6200U 2.3GHz,8,256GB SSD,Intel HD Graphics 520,11915280.0,62,16,42
Intel Core i7 7500U 2.7GHz,4,1TB HDD,Nvidia GeForce 920MX,7104708.0,89,9,60
Intel Core i3 6006U 2GHz,8,2TB HDD,Nvidia GeForce 920MX ,4081428.0,50,21,61
Intel Core i5 7200U 2.5GHz,4,500GB HDD,AMD Radeon R5 M430,5201820.0,68,25,21
Intel Core i5 7440HQ 2.8GHz,8,256GB SSD,Intel HD Graphics 620,12244284.0,72,16,48
Intel Core i7 7700HQ 2.8GHz,16,128GB SSD +  1TB HDD,Nvidia GeForce GTX 1070,26789550.84,94,4,73
Intel Core i5 7200U 2.5GHz,8,500GB HDD,Intel HD Graphics 620,7647120.0,68,25,48
Intel Core i7 7500U 2.7GHz,8,256GB SSD +  1TB HDD,Nvidia GeForce GTX 960M,11550708.0,89,17,82
Intel Celeron Quad Core N3450 1.1GHz,4,32GB SSD,Intel HD Graphics 500,3281148.0,38,24,38
Intel Core i5 7300HQ 2.5GHz,8,128GB SSD +  1TB HDD,Nvidia GeForce GTX 1060,14662908.0,70,4,72
Intel Core i7 7600U 2.8GHz,8,256GB SSD,Nvidia GeForce 930MX,12173148.0,91,16,63
Intel Core i5 8250U 1.6GHz,8,256GB SSD,AMD Radeon 530,7090569.72,76,16,6
Intel Pentium Quad Core N3710 1.6GHz,4,256GB SSD,Intel HD Graphics 405,3547819.08,102,16,37
Intel Core i7 7700HQ 2.8GHz,12,1TB HDD,Nvidia GeForce GTX 1060,15996708.0,94,9,72
Intel Core i7 7500U 2.7GHz,8,256GB SSD,Nvidia GeForce 940MX,7638228.0,89,16,66
Intel Core i7 8550U 1.8GHz,8,256GB SSD,Intel UHD Graphics 620,12439908.0,98,16,55
Intel Core i3 6006U 2GHz,4,128GB SSD,Intel HD Graphics 520,6543356.04,50,3,42
Intel Core i7 7500U 2.7GHz,8,256GB SSD,Intel HD Graphics 620,10181340.0,89,16,48
Intel Core i5 7300HQ 2.5GHz,8,1TB HDD,Nvidia GeForce GTX 1050,7095816.0,70,9,68
AMD E-Series 7110 1.8GHz,4,500GB HDD,AMD Radeon R2 Graphics,3103308.0,17,25,12
Intel Core i3 7100U 2.4GHz,4,128GB SSD,Intel HD Graphics 620,6273306.0,53,3,48
Intel Core i5 7200U 2.5GHz,4,500GB HDD,Intel HD Graphics 620,6980220.0,68,25,48
Intel Core i5 6200U 2.3GHz,4,1TB HDD,Intel HD Graphics 520,4111216.2,62,9,42
Intel Core i3 6006U 2GHz,4,500GB HDD,Intel HD Graphics 520,3530124.0,50,25,42
Intel Core i7 7500U 2.7GHz,8,512GB SSD,Intel HD Graphics 620,15374268.0,89,28,48
Intel Core i3 6006U 2GHz,4,128GB SSD,Intel HD Graphics 520,4437108.0,50,3,42
Intel Core i5 7200U 2.5GHz,8,256GB SSD,Intel HD Graphics 620,9932275.08,68,16,48
Intel Core i7 7700HQ 2.8GHz,16,256GB SSD +  1TB HDD,Nvidia GeForce GTX 1070,23999508.0,94,17,73
Intel Core i3 6006U 2GHz,8,1TB HDD,Intel HD Graphics 520,4838581.8,50,9,42
Intel Core i7 7500U 2.7GHz,8,1TB HDD,Nvidia GeForce 930MX,11381760.0,89,9,63
Intel Celeron Dual Core N3350 1.1GHz,4,500GB HDD,Intel HD Graphics 500,1991808.0,35,25,38
Intel Atom x5-Z8350 1.44GHz,4,32GB Flash Storage,Intel HD Graphics,2267460.0,28,22,35
Intel Core i7 7500U 2.7GHz,6,128GB SSD +  1TB HDD,Nvidia GeForce 940MX,8438508.0,89,4,66
AMD A10-Series A10-9620P 2.5GHz,6,128GB SSD,AMD Radeon 530,5058658.8,3,3,6
Intel Core i3 6006U 2GHz,4,1TB HDD,AMD Radeon R5 M420,5494366.8,50,9,19
Intel Celeron Dual Core N3350 2.0GHz,4,32GB Flash Storage,Intel HD Graphics 500,3103308.0,36,22,38
Intel Core i3 7130U 2.7GHz,4,128GB SSD,Intel HD Graphics 620,5601960.0,54,3,48
Intel Core M 6Y75 1.2GHz,16,512GB SSD,Intel HD Graphics 515,17472780.0,41,28,41
Intel Core i7 7700HQ 2.8GHz,8,256GB SSD,Nvidia Quadro M620M,26667108.0,94,16,98
Intel Core i5 7300HQ 2.5GHz,8,128GB SSD +  1TB HDD,Nvidia GeForce GTX 1050,7460388.0,70,4,68
Intel Core i5 8250U 1.6GHz,8,128GB SSD,Intel UHD Graphics 620,14218308.0,76,3,55
Intel Core i5 7300U 2.6GHz,4,500GB HDD,Intel HD Graphics 620,8527428.0,71,25,48
Intel Core i5 7200U 2.5GHz,8,1TB HDD,Intel HD Graphics 620,6571188.0,68,9,48
Intel Pentium Quad Core N4200 1.1GHz,4,500GB HDD,Intel HD Graphics 505,3058848.0,103,25,39
Intel Core i5 7200U 2.5GHz,4,500GB HDD,Intel HD Graphics 620,8803080.0,68,25,48
Intel Core i5 7440HQ 2.8GHz,8,500GB HDD,Nvidia Quadro M1200,16547923.08,72,25,92
Intel Pentium Quad Core N3710 1.6GHz,8,2TB HDD,Intel HD Graphics 405,3458988.0,102,21,37
AMD A9-Series A9-9420 3GHz,6,256GB SSD,AMD Radeon 530,5770908.0,15,16,6
Intel Core i5 7200U 2.5GHz,8,256GB SSD,Intel HD Graphics 620,7380360.0,68,16,48
Intel Core i5 8250U 1.6GHz,4,500GB HDD,Intel HD Graphics 620,6091020.0,76,25,48
Intel Atom x5-Z8350 1.44GHz,4,32GB SSD,Intel HD Graphics,2214108.0,28,24,35
Intel Core i7 7500U 2.7GHz,16,512GB SSD,Intel HD Graphics 620,16583580.0,89,28,48
Intel Core i7 6820HK 2.7GHz,32,256GB SSD +  1TB HDD,Nvidia GeForce GTX 1070,23679396.0,85,17,73
Intel Core i7 7820HK 2.9GHz,16,512GB SSD +  1TB HDD,Nvidia GeForce GTX 1070,24266268.0,95,29,73
Intel Core i7 7500U 2.7GHz,8,256GB SSD,AMD Radeon R5 M430,6660196.92,89,16,21
Intel Celeron Quad Core N3450 1.1GHz,4,32GB SSD,Intel HD Graphics 500,3458988.0,38,24,38
Intel Core i5 7300U 2.6GHz,8,500GB HDD,Intel HD Graphics 620,8967759.84,71,25,48
Intel Core i3 7100U 2.4GHz,4,128GB SSD,Intel HD Graphics 620,6393348.0,53,3,48
Intel Core i7 7600U 2.8GHz,16,256GB SSD,Nvidia GeForce 930MX,13670471.88,91,16,63
Intel Celeron Dual Core N3060 1.6GHz,4,16GB Flash Storage,Intel HD Graphics 400,2623140.0,34,6,36
Intel Core i7 6820HK 2.7GHz,16,128GB SSD +  1TB HDD,Nvidia GeForce GTX 980M,20887308.0,85,4,85
Intel Core i7 7700HQ 2.8GHz,16,256GB SSD +  1TB HDD,Nvidia GeForce GTX 1050,13320216.0,94,17,68
Intel Core i7 6600U 2.6GHz,12,256GB SSD,Intel HD Graphics 520,14876316.0,83,16,42
Intel Core i7 8550U 1.8GHz,12,1TB HDD,Intel HD Graphics 620,5415228.0,98,9,48
Intel Core i5 7300HQ 2.5GHz,8,128GB SSD +  1TB HDD,Nvidia GeForce GTX 1060,15738840.0,70,4,72
Intel Core i5 7200U 2.5GHz,8,1TB HDD,Intel HD Graphics 520,6571188.0,68,9,42
AMD A12-Series 9720P 3.6GHz,12,512GB SSD,AMD Radeon 530,8438508.0,6,28,6
Intel Core M 7Y30 1.0GHz,4,128GB SSD,Intel HD Graphics 615,5361876.0,42,3,47
Intel Core i7 7700HQ 2.8GHz,16,128GB SSD +  1TB HDD,Nvidia GeForce GTX 1050,15107508.0,94,4,68
Intel Core i3 6006U 2GHz,4,500GB HDD,Intel HD Graphics 520,4703868.0,50,25,42
Intel Core i3 6100U 2.3GHz,8,1TB HDD,Intel HD Graphics 520,4081428.0,52,9,42
Intel Core i7 7500U 2.7GHz,8,512GB SSD,Intel HD Graphics 620,18006300.0,89,28,48
Intel Core i5 7300HQ 2.5GHz,8,256GB SSD,Intel HD Graphics 630,13106808.0,70,16,49
Intel Core i5 7200U 2.5GHz,8,256GB SSD,Intel HD Graphics 620,14849640.0,68,16,48
Intel Core i7 7700HQ 2.8GHz,8,256GB SSD,Nvidia Quadro M620,15676596.0,94,16,97
Intel Core i7 7500U 2.7GHz,8,256GB SSD,Intel HD Graphics 620,10839348.0,89,16,48
Intel Core i3 7100U 2.4GHz,4,500GB HDD,Intel HD Graphics 620,5944124.16,53,25,48
Intel Celeron Quad Core N3450 1.1GHz,4,32GB Flash Storage,Intel HD Graphics 500,2925468.0,38,22,38
Intel Core i7 6820HK 2.7GHz,16,128GB SSD +  1TB HDD,Nvidia GeForce GTX 970M,19553508.0,85,4,84
Intel Core i3 6006U 2GHz,4,1TB HDD,AMD Radeon R5 M420,4134780.0,50,9,19
Intel Core i7 7700HQ 2.8GHz,16,256GB SSD +  2TB HDD,Nvidia GeForce GTX 1060,20442708.0,94,19,72
Intel Core i7 6500U 2.5GHz,8,256GB SSD,Intel HD Graphics 520,12439908.0,81,16,42
Intel Core i5 7200U 2.5GHz,6,1TB HDD,Intel HD Graphics 620,5015088.0,68,9,48
Intel Core i7 7700HQ 2.8GHz,8,256GB SSD,Intel HD Graphics 630,11550708.0,94,16,49
Intel Pentium Quad Core N3710 1.6GHz,4,128GB Flash Storage,Intel HD Graphics 405,3103308.0,102,1,37
Intel Xeon E3-1535M v6 3.1GHz,32,1TB SSD,Nvidia Quadro M2200M,43561908.0,106,12,95
Intel Core i7 6700HQ 2.6GHz,16,1TB HDD,Nvidia GeForce GTX 960<U+039C>,7816156.92,84,9,81
Intel Core i3 6006U 2.0GHz,4,1TB HDD,Intel HD Graphics 520,3947158.8,48,9,42
Intel Core i3 6006U 2.0GHz,4,1TB HDD,Intel HD Graphics 520,3192228.0,48,9,42
Intel Core i5 7300U 2.6GHz,4,500GB HDD,Intel HD Graphics 620,7727148.0,71,25,48
Intel Core i7 7700HQ 2.8GHz,8,128GB SSD +  1TB HDD,Nvidia GeForce GTX 1050,10385856.0,94,4,68
Intel Core i5 7200U 2.5GHz,4,128GB SSD,AMD Radeon R5 M420,5059548.0,68,3,19
Intel Core i7 7500U 2.7GHz,8,512GB SSD,Intel HD Graphics 620,12350988.0,89,28,48
Intel Core i7 7700HQ 2.8GHz,16,256GB SSD +  1TB HDD,Nvidia GeForce GTX 1070,20165811.12,94,17,73
Intel Celeron Quad Core N3160 1.6GHz,4,32GB Flash Storage,Intel HD Graphics 400,3370068.0,37,22,36
Intel Core i5 7300U 2.6GHz,8,256GB SSD,Intel HD Graphics 620,9994608.0,71,16,48
Intel Core i5 6200U 2.3GHz,8,256GB SSD,Intel HD Graphics 520,13026780.0,62,16,42
Intel Core i5 8250U 1.6GHz,4,1TB HDD,AMD Radeon 530,6900192.0,76,9,6
Intel Core i5 7200U 2.5GHz,8,256GB SSD,Intel HD Graphics 620,7104708.0,68,16,48
Intel Core i5 6200U 2.3GHz,4,500GB HDD,Intel HD Graphics 520,8287344.0,62,25,42
Intel Core i7 7500U 2.7GHz,8,1TB HDD,Nvidia GeForce 920MX,7993908.0,89,9,60
Intel Atom x5-Z8350 1.44GHz,2,32GB Flash Storage,Intel HD Graphics,2125188.0,28,22,35
Intel Core i5 7200U 2.5GHz,4,128GB SSD,Intel HD Graphics 620,4161456.0,68,3,48
Intel Core i5 7200U 2.5GHz,6,1TB HDD,Intel HD Graphics 620,5682076.92,68,9,48
Intel Core i7 7700HQ 2.8GHz,8,256GB SSD,Nvidia GeForce GTX 1050,16183440.0,94,16,68
Intel Core i7 7500U 2.7GHz,16,512GB SSD,Intel HD Graphics 620,16894800.0,89,28,48
Intel Core i7 7700HQ 2.8GHz,16,256GB SSD +  1TB HDD,Nvidia GeForce GTX 1050 Ti,13151268.0,94,17,69
Intel Core i5 8250U 1.6GHz,4,256GB SSD,Intel UHD Graphics 620,7371468.0,76,16,55
Intel Core i3 6006U 2GHz,4,1TB HDD,Nvidia GeForce 920MX ,5148468.0,50,9,61
Intel Celeron Dual Core N3350 1.1GHz,8,1TB HDD,Intel HD Graphics 500,3547908.0,35,9,38
Intel Core i5 7300HQ 2.5GHz,8,1TB HDD,Nvidia GeForce GTX 1050,8061665.04,70,9,68
Intel Core i5 8250U 1.6GHz,8,256GB SSD,Intel UHD Graphics 620,16619148.0,76,16,55
Intel Celeron Dual Core N3060 1.6GHz,2,32GB Flash Storage,Intel HD Graphics 400,2214108.0,34,22,36
Intel Core i7 7500U 2.7GHz,8,256GB SSD,Intel HD Graphics 620,15626978.64,89,16,48
Intel Core i7 7700HQ 2.8GHz,16,1TB SSD,Nvidia GeForce GTX 1050,21331908.0,94,12,68
Intel Core i7 7700HQ 2.8GHz,8,128GB SSD +  1TB HDD,Nvidia GeForce GTX 1050M,9861228.0,94,4,70
AMD A9-Series 9420 3GHz,8,1TB HDD,AMD Radeon R5,4631842.8,14,9,16
Intel Core i7 7500U 2.7GHz,16,512GB SSD,Intel HD Graphics 620,21785400.0,89,28,48
Intel Core i7 7700HQ 2.8GHz,8,1TB HDD,Nvidia GeForce GTX 1050 Ti,10394748.0,94,9,69
Intel Core i3 6006U 2GHz,4,500GB HDD,Intel HD Graphics 520,4001400.0,50,25,42
Intel Celeron Dual Core N3060 1.6GHz,4,32GB Flash Storage,Intel HD Graphics,2436408.0,34,22,35
Intel Core i5 7200U 2.5GHz,8,256GB SSD,Intel Graphics 620,8171748.0,68,16,34
Intel Core i7 7700HQ 2.8GHz,16,256GB SSD,Nvidia GeForce GTX 1060,23110308.0,94,16,72
Intel Core i5 6200U 2.3GHz,8,256GB SSD,Intel HD Graphics 520,10785996.0,62,16,42
Intel Core i7 7500U 2.7GHz,8,256GB SSD,Intel HD Graphics 620,14084928.0,89,16,48
Intel Core i7 6820HK 2.7GHz,32,512GB SSD,Nvidia GeForce GTX 1080,24888708.0,85,28,75
Intel Core i5 7300HQ 2.5GHz,8,1TB HDD,Nvidia GeForce GTX 1050,6304428.0,70,9,68
Intel Core i5 8250U 1.6GHz,8,256GB SSD,Intel UHD Graphics 620,12892510.8,76,16,55
Intel Core i7 7700HQ 2.8GHz,8,128GB SSD +  1TB HDD,Nvidia GeForce GTX 1050 Ti,10597485.6,94,4,69
Intel Core i3 6006U 2GHz,4,500GB HDD,Intel HD Graphics 520,3244690.8,50,25,42
Intel Core i5 7200U 2.5GHz,8,500GB HDD,Intel HD Graphics 620,9461088.0,68,25,48
Intel Core i7 8550U 1.8GHz,8,256GB SSD,AMD Radeon 530,8171748.0,98,16,6
Intel Core i7 8550U 1.8GHz,16,256GB SSD +  2TB HDD,AMD Radeon 530,10092420.0,98,19,6
Intel Core i7 6700HQ 2.6GHz,8,128GB SSD +  1TB HDD,Nvidia GeForce GTX 960,10634832.0,84,4,80
Intel Core i7 7700HQ 2.8GHz,32,512GB SSD +  1TB HDD,Nvidia GeForce GTX 1070,27986414.04,94,29,73
Intel Core i5 6300U 2.4GHz,8,256GB SSD,Intel HD Graphics 520,10928268.0,65,16,42
Intel Celeron Dual Core N3350 1.1GHz,4,500GB HDD,Intel HD Graphics 500,3725748.0,35,25,38
Intel Core i5 6200U 2.3GHz,4,500GB HDD,Intel HD Graphics 520,4757220.0,62,25,42
Intel Core i3 6006U 2GHz,6,1TB HDD,AMD Radeon R5 M430,4792788.0,50,9,21
Intel Core i7 7700HQ 2.8GHz,8,128GB SSD +  1TB HDD,Nvidia GeForce GTX 1060,13220358.84,94,4,72
Intel Core i3 6100U 2.1GHz,4,128GB SSD,Intel HD Graphics 520,4428216.0,51,3,42
Intel Core i5 7200U 2.5GHz,8,1TB HDD,Intel HD Graphics 620,8491860.0,68,9,48
Intel Core i7 7500U 2.7GHz,8,1TB HDD,AMD Radeon 530,6624540.0,89,9,6
Intel Core i5 7200U 2.5GHz,8,256GB SSD,Intel HD Graphics 620,11186136.0,68,16,48
Intel Core i3 6006U 2GHz,4,128GB SSD,Intel HD Graphics 520,3663504.0,50,3,42
Intel Core i7 7600U 2.8GHz,8,256GB SSD,Intel Iris Plus Graphics 640,16608922.2,91,16,52
Intel Core i5 7200U 2.5GHz,8,128GB SSD +  1TB HDD,AMD Radeon R5 M430,7273211.4,68,4,21
Intel Core i5 7200U 2.5GHz,8,256GB SSD,Intel HD Graphics 620,9194328.0,68,16,48
AMD E-Series E2-9000 2.2GHz,4,128GB SSD,AMD Radeon R2 Graphics,3103308.0,20,3,12
Intel Core i3 7100U 2.4GHz,4,128GB SSD,Nvidia GeForce 940MX,6215508.0,53,3,66
Intel Core i7 7700HQ 2.8GHz,16,256GB SSD +  1TB HDD,Nvidia GeForce GTX 1050,11506248.0,94,17,68
Intel Core i5 7200U 2.5GHz,8,256GB SSD,Intel HD Graphics 620,10092420.0,68,16,48
Intel Celeron Dual Core N3350 1.1GHz,8,64GB Flash Storage,Intel HD Graphics 500,4401540.0,35,33,38
Intel Core i7 8550U 1.8GHz,8,512GB SSD,Intel HD Graphics 620,20442708.0,98,28,48
Intel Core i5 7300HQ 2.5GHz,16,256GB SSD,Nvidia GeForce GTX 1050 Ti,11550708.0,70,16,69
Intel Core i5 7300HQ 2.5GHz,8,256GB SSD,Nvidia GeForce GTX 1050,8873326.8,70,16,68
Intel Celeron Dual Core N3350 1.1GHz,4,128GB SSD,Intel HD Graphics 500,3725748.0,35,3,38
Intel Core i5 7300HQ 2.5GHz,16,128GB SSD +  1TB HDD,Nvidia GeForce GTX 1060,18237492.0,70,4,72
Intel Core i3 6006U 2GHz,4,256GB SSD,AMD Radeon R5 520,6215508.0,50,16,18
Intel Core i7 8550U 1.8GHz,8,512GB SSD,Intel UHD Graphics 620,13329108.0,98,28,55
Intel Core i7 7820HK 2.9GHz,16,256GB SSD +  1TB HDD,Nvidia GeForce GTX 1070,25019865.0,95,17,73
Intel Core i5 7200U 2.5GHz,4,500GB HDD,AMD Radeon 520,5447328.12,68,25,5
Intel Core i3 6006U 2GHz,4,1TB HDD,AMD Radeon R5 M430,4852097.64,50,9,21
AMD A10-Series 9600P 2.4GHz,6,2TB HDD,AMD Radeon R7 M440,5059548.0,1,21,25
Intel Celeron Dual Core 3855U 1.6GHz,4,500GB HDD,Intel HD Graphics 510,2827656.0,31,25,40
Intel Celeron Dual Core 3855U 1.6GHz,4,32GB Flash Storage,Intel HD Graphics 510,3334500.0,31,22,40
Intel Core i5 7200U 2.5GHz,4,256GB SSD,Intel HD Graphics 620,6215508.0,68,16,48
Intel Core i7 7700HQ 2.8GHz,8,500GB HDD,Nvidia Quadro M1200,16965847.08,94,25,92
Intel Core i7 7500U 2.7GHz,8,256GB SSD,Intel HD Graphics 620,23030280.0,89,16,48
Intel Core i5 7200U 2.5GHz,8,256GB SSD,Intel HD Graphics 620,8651916.0,68,16,48
Intel Celeron Dual Core N3050 1.6GHz,4,32GB Flash Storage,Intel HD Graphics,2391948.0,32,22,35
Intel Core i7 7500U 2.7GHz,16,512GB SSD,Intel HD Graphics 620,15552108.0,89,28,48
Intel Core M M3-6Y30 0.9GHz,4,64GB Flash Storage,Intel HD Graphics 515,5948748.0,43,33,41
Intel Core i7 6500U 2.5GHz,16,512GB SSD,Intel HD Graphics 520,16690284.0,81,28,42
Intel Core i7 7500U 2.7GHz,4,500GB HDD,AMD Radeon 530,6126588.0,89,25,6
Intel Core i5 7300HQ 2.5GHz,8,1TB HDD,Nvidia GeForce GTX 1050,7282548.0,70,9,68
AMD A9-Series 9420 2.9GHz,4,256GB SSD,AMD Radeon 530,3547908.0,13,16,6
AMD A12-Series 9720P 3.6GHz,8,1TB HDD,AMD Radeon R7,3814668.0,6,9,22
Intel Core i5 7200U 2.5GHz,4,1TB HDD +  1TB HDD,Intel HD Graphics 620,5525933.4,68,10,48
Intel Core i3 6006U 2GHz,4,500GB HDD,Intel HD Graphics 520,4001400.0,50,25,42
Intel Core i5 7200U 2.5GHz,8,256GB SSD,Intel HD Graphics 620,7069140.0,68,16,48
Intel Core i5 8250U 1.6GHz,8,256GB SSD,Intel UHD Graphics 620,8883108.0,76,16,55
Intel Core i7 6500U 2.5GHz,16,512GB SSD,Nvidia Quadro M520M,16494660.0,81,28,96
Intel Core i5 6300HQ 2.3GHz,8,256GB SSD,Intel HD Graphics 520,10590372.0,64,16,42
AMD A10-Series 9620P 2.5GHz,6,2TB HDD,AMD Radeon 530,5824348.92,2,21,6
Intel Core i7 7700HQ 2.8GHz,8,128GB SSD +  1TB HDD,Nvidia GeForce GTX 1050 Ti,11106108.0,94,4,69
Intel Core i5 7440HQ 2.8GHz,8,256GB SSD,Nvidia GeForce 930MX,9683388.0,72,16,63
Intel Core i5 7200U 2.5GHz,8,1TB HDD,Intel HD Graphics 620,6455592.0,68,9,48
Intel Celeron Dual Core N3350 1.1GHz,4,32GB Flash Storage,Intel HD Graphics 500,2649816.0,35,22,38
Intel Core i5 7300U 2.6GHz,16,512GB SSD,Intel HD Graphics 620,12685860.72,71,28,48
Intel Core i5 7200U 2.5GHz,8,256GB SSD,Nvidia GeForce 920MX,7621066.44,68,16,60
Intel Core i5 7300U 2.6GHz,8,256GB SSD,Intel HD Graphics 620,10483668.0,71,16,48
AMD A6-Series 7310 2GHz,4,500GB HDD,AMD Radeon R4,2649816.0,8,25,14
Intel Atom Z8350 1.92GHz,4,32GB HDD,Intel HD Graphics 400,2356380.0,26,23,36
Intel Core i7 7500U 2.7GHz,8,256GB SSD,Nvidia GeForce 930MX,10670400.0,89,16,63
Intel Core i7 6500U 2.5GHz,8,512GB SSD,Intel HD Graphics 520,14997602.88,81,28,42
Intel Core i5 7200U 2.5GHz,8,256GB SSD,Intel HD Graphics 620,7439047.2,68,16,48
Intel Core i5 7200U 2.5GHz,8,256GB SSD,Intel HD Graphics 620,13329108.0,68,16,48
Intel Core i7 7700HQ 2.8GHz,32,1TB SSD +  1TB HDD,Nvidia GeForce GTX 1070,32539384.8,94,13,73
Intel Core i7 7700HQ 2.8GHz,8,128GB SSD +  1TB HDD,Nvidia GeForce GTX 1050 Ti,11990684.16,94,4,69
Intel Core i5 7200U 2.5GHz,4,1TB HDD,Intel HD Graphics 620,4356190.8,68,9,48
Intel Core i5 8250U 1.6GHz,8,128GB SSD +  1TB HDD,AMD Radeon 530,6393348.0,76,4,6
Intel Core i3 7100U 2.4GHz,4,1TB HDD,Intel HD Graphics 620,5770908.0,53,9,48
Intel Core i5 7200U 2.5GHz,8,1TB HDD,AMD Radeon R7 M445,5242011.84,68,9,26
AMD A9-Series 9420 3GHz,4,1TB HDD,AMD Radeon 520,4348188.0,14,9,5
Intel Core i7 6700HQ 2.6GHz,16,128GB SSD +  1TB HDD,Nvidia GeForce GTX 1060,17206020.0,84,4,72
Intel Core i5 7200U 2.5GHz,12,1TB HDD,Intel HD Graphics 620,5770908.0,68,9,48
AMD A9-Series A9-9420 3GHz,6,128GB SSD +  1TB HDD,AMD Radeon 520,5779800.0,15,4,5
Intel Core i5 7200U 2.5GHz,4,500GB HDD,Intel HD Graphics 620,4970628.0,68,25,48
Intel Core i5 7200U 2.5GHz,8,256GB SSD,Intel HD Graphics 620,8536320.0,68,16,48
Intel Core i7 7500U 2.7GHz,4,1TB HDD,Intel HD Graphics 620,6926868.0,89,9,48
Intel Core i7 7700HQ 2.8GHz,16,256GB SSD,Nvidia Quadro M2200,21509748.0,94,16,94
Intel Core i5 8250U 1.6GHz,8,1TB HDD,Intel UHD Graphics 620,5859828.0,76,9,55
Intel Core i7 7700HQ 2.8GHz,16,256GB SSD +  1TB HDD,Nvidia GeForce GTX 1060,18624116.16,94,17,72
Intel Core i3 6006U 2GHz,4,500GB HDD,Intel HD Graphics 520,3652833.6,50,25,42
Intel Core i7 7500U 2.7GHz,8,128GB SSD +  1TB HDD,Nvidia GeForce 940MX,10732644.0,89,4,66
Intel Core i3 6006U 2GHz,8,256GB SSD,Intel HD Graphics 520,5913180.0,50,16,42
Intel Core i5 7200U 2.5GHz,8,256GB SSD,Intel HD Graphics 620,13649220.0,68,16,48
Intel Core i5 7200U 2.5GHz,8,256GB SSD,Intel HD Graphics 620,8883108.0,68,16,48
Intel Core i7 7600U 2.8GHz,16,1TB SSD,Nvidia Quadro M520M,29334708.0,91,12,96
Intel Celeron Dual Core N3060 1.6GHz,2,32GB Flash Storage,Intel HD Graphics 400,2934360.0,34,22,36
Intel Core i7 7500U 2.7GHz,16,256GB SSD,Intel HD Graphics 620,14662908.0,89,16,48
Intel Core i3 6006U 2GHz,8,256GB SSD,Intel HD Graphics 520,4792788.0,50,16,42
Intel Core i5 7200U 2.5GHz,8,256GB SSD,Intel HD Graphics 620,10018705.32,68,16,48
Intel Xeon E3-1535M v5 2.9GHz,16,256GB SSD,Nvidia Quadro M2000M,39026988.0,105,16,93
Intel Celeron Dual Core N3060 1.6GHz,4,128GB SSD,Intel HD Graphics 400,4223700.0,34,3,36
Intel Core i5 6300U 2.4GHz,8,256GB SSD,Intel HD Graphics 520,16894800.0,65,16,42
Intel Core i5 6300HQ 2.3GHz,4,1TB HDD,Nvidia GeForce GTX 950M,5148468.0,64,9,79
Intel Core i5 6200U 2.3GHz,4,1GB SSD,Intel HD Graphics 520,9745632.0,62,8,42
Intel Core i7 7500U 2.7GHz,4,256GB SSD,Intel HD Graphics 620,7557310.8,89,16,48
Intel Core i5 6260U 1.8GHz,8,256GB SSD,Intel HD Graphics 540,10661508.0,63,16,45
Intel Core i5 7300HQ 2.5GHz,8,128GB SSD +  1TB HDD,Nvidia GeForce GTX 1050,9772308.0,70,4,68
Intel Core i7 6700HQ 2.6GHz,8,256GB SSD,Nvidia Quadro M1000M,13880412.0,84,16,91
Intel Core i7 7700HQ 2.8GHz,16,256GB SSD +  1TB HDD,Nvidia GeForce GTX 1070,25511059.08,94,17,73
Intel Core i5 7200U 2.5GHz,4,256GB SSD,Intel HD Graphics 620,5326308.0,68,16,48
Intel Core i7 7700HQ 2.8GHz,8,128GB SSD +  1TB HDD,Nvidia GeForce GTX 1050,9318816.0,94,4,68
Intel Core i7 7600U 2.8GHz,16,256GB SSD,Intel HD Graphics 620,16530228.0,91,16,48
Intel Core i5 7Y57 1.2GHz,8,256GB SSD,Intel HD Graphics 615,13862628.0,75,16,47
Intel Core i5 7200U 2.5GHz,8,256GB SSD,Intel HD Graphics 620,10039068.0,68,16,48
Intel Core i3 6006U 2GHz,4,500GB HDD,Intel HD Graphics 520,7549308.0,50,25,42
Intel Core i5 6200U 2.3GHz,4,128GB SSD,Intel HD Graphics 520,5824260.0,62,3,42
Intel Pentium Quad Core N4200 1.1GHz,4,1TB HDD,Nvidia GeForce 920MX,4182263.28,103,9,60
Intel Core i7 6700HQ 2.6GHz,16,128GB SSD +  1TB HDD,Nvidia GeForce GTX 960M,9772308.0,84,4,82
Intel Core i7 7500U 2.7GHz,8,256GB SSD,Intel HD Graphics 620,14218308.0,89,16,48
Intel Pentium Quad Core N4200 1.1GHz,4,1TB HDD,Intel HD Graphics 505,2649816.0,103,9,39
Intel Core i7 7500U 2.7GHz,16,256GB SSD,AMD Radeon R7 M445,10503852.84,89,16,26
Intel Core i7 7500U 2.7GHz,16,256GB SSD,AMD Radeon 540,15996708.0,89,16,7
Intel Core i5 6200U 2.3GHz,4,128GB SSD,Intel HD Graphics 520,9069840.0,62,3,42
Intel Core i7 7700HQ 2.8GHz,8,1TB HDD,Nvidia GeForce GTX 1050,9772308.0,94,9,68
Intel Core i5 6200U 2.3GHz,4,256GB SSD,Intel HD Graphics 520,11061648.0,62,16,42
Intel Core i7 7500U 2.7GHz,12,2TB HDD,Nvidia GeForce 940MX,7460388.0,89,21,66
Intel Core i7 6820HQ 2.7GHz,16,512GB SSD,Nvidia Quadro M2000M,21074040.0,86,28,93
Intel Core i3 7100U 2.4GHz,4,128GB SSD,Intel HD Graphics 620,5655312.0,53,3,48
Intel Core i7 7700HQ 2.8GHz,16,512GB SSD,Nvidia GeForce GTX 1060,25777908.0,94,28,72
Intel Pentium Dual Core N4200 1.1GHz,8,128GB SSD,Intel HD Graphics 505,5174254.8,101,3,39
Intel Core i7 7700HQ 2.8GHz,32,1TB SSD +  1TB HDD,Nvidia GeForce GTX 1070M,31911609.6,94,13,74
Intel Core i7 6700HQ 2.6GHz,16,256GB SSD +  1TB HDD,Nvidia GeForce GTX 1070,20896200.0,84,17,73
Intel Core i7 6600U 2.6GHz,16,512GB SSD,Nvidia GeForce 930M,15685488.0,83,28,62
Intel Celeron Quad Core N3710 1.6GHz,8,1TB HDD,Intel HD Graphics 405,2925468.0,39,9,37
Intel Core i7 7500U 2.7GHz,16,512GB SSD,Intel HD Graphics 620,20442708.0,89,28,48
Intel Core i7 7700HQ 2.8GHz,16,256GB SSD +  1TB HDD,Nvidia GeForce GTX 1060,16814772.0,94,17,72
Intel Core i5 7300HQ 2.5GHz,8,128GB SSD +  1TB HDD,Nvidia GeForce GTX 1050,9683388.0,70,4,68
Intel Core i7 7700HQ 2.8GHz,4,1TB HDD,Nvidia GeForce GTX 1050,8883108.0,94,9,68
Intel Core i7 7700HQ 2.8GHz,16,256GB SSD +  1TB HDD,Nvidia GeForce GTX 1060,20442708.0,94,17,72
Intel Core i5 7300HQ 2.5GHz,8,256GB SSD,Nvidia GeForce GTX 1050,8758620.0,70,16,68
Intel Core i7 7700HQ 2.8GHz,8,128GB SSD +  1TB HDD,Nvidia GeForce GTX1060,11906388.0,94,4,87
Intel Celeron Dual Core N3350 1.1GHz,4,32GB Flash Storage,Intel HD Graphics 500,1804186.8,35,22,38
Intel Core i7 7500U 2.7GHz,8,512GB SSD,Intel HD Graphics 620,17517240.0,89,28,48
Intel Core i5 7200U 2.5GHz,8,256GB SSD,AMD Radeon R7 M460,8527428.0,68,16,27
Intel Core M 1.2GHz,8,512GB Flash Storage,Intel HD Graphics 5300,10359180.0,40,27,44
Intel Core i5 7200U 2.5GHz,8,256GB SSD,Intel HD Graphics 620,20718360.0,68,16,48
Intel Celeron Dual Core N3350 1.1GHz,4,32GB Flash Storage,Intel HD Graphics 500,2658708.0,35,22,38
Intel Core i5 7200U 2.5GHz,8,128GB SSD,Intel HD Graphics 620,7202520.0,68,3,48
Intel Core i7 7500U 2.7GHz,8,256GB SSD,Intel HD Graphics 620,11995308.0,89,16,48
Intel Core i3 6006U 2GHz,8,256GB SSD,AMD Radeon R5 M420X,6571188.0,50,16,20
Intel Core i7 7700HQ 2.8GHz,8,256GB SSD,Nvidia Quadro M2200,18361090.8,94,16,94
Intel Core i5 7200U 2.5GHz,8,256GB SSD,Intel HD Graphics 620,9772308.0,68,16,48
Intel Core i5 7200U 2.5GHz,8,256GB SSD,Intel HD Graphics 620,13329108.0,68,16,48
Intel Core i5 7300HQ 2.5GHz,8,256GB SSD,Nvidia GeForce GTX 1050,15552108.0,70,16,68
Intel Pentium Quad Core N4200 1.1GHz,4,128GB SSD,Intel HD Graphics 505,6615648.0,103,3,39
Intel Core i5 7300U 2.6GHz,8,256GB SSD,Intel HD Graphics 620,12350988.0,71,16,48
Intel Core i5 6200U 2.3GHz,4,500GB HDD,Intel HD Graphics 520,6935760.0,62,25,42
AMD A12-Series 9700P 2.5GHz,8,2TB HDD,AMD Radeon R7 Graphics,5593068.0,4,21,23
Intel Core i7 7700HQ 2.8GHz,16,512GB SSD,Nvidia GeForce GTX 1050 Ti,14929668.0,94,28,69
Intel Core i5 7200U 2.5GHz,4,1TB HDD,Nvidia GeForce 920M,5415228.0,68,9,59
Intel Core i7 7700HQ 2.8GHz,12,1TB HDD,AMD Radeon RX 580,15552108.0,94,9,33
Intel Core i7 7700HQ 2.8GHz,16,512GB SSD +  1TB HDD,Nvidia GeForce GTX 1070,21474180.0,94,29,73
Intel Core i5 7200U 2.5GHz,8,256GB SSD,Intel HD Graphics 620,13329108.0,68,16,48
Intel Core i7 7500U 2.7GHz,8,1TB HDD,Nvidia GeForce GT 940MX,8545212.0,89,9,67
Intel Core i5 7200U 2.5GHz,8,256GB SSD,AMD Radeon R5 M420,7022990.52,68,16,19
Intel Core i7 7500U 2.7GHz,8,256GB SSD,Intel HD Graphics 620,16530228.0,89,16,48
Intel Core i7 7500U 2.5GHz,16,512GB SSD,Intel HD Graphics 620,15996708.0,88,28,48
Intel Celeron Dual Core N3060 1.6GHz,4,16GB Flash Storage,Intel HD Graphics 400,3423420.0,34,6,36
Intel Core i7 7700HQ 2.8GHz,16,128GB SSD +  1TB HDD,Nvidia GeForce GTX 1060,22274637.84,94,4,72
Intel Core i5 6200U 2.3GHz,4,500GB HDD,Intel HD Graphics 520,6713460.0,62,25,42
Intel Core i3 6006U 2GHz,4,500GB HDD,Intel HD Graphics 520,4356190.8,50,25,42
Intel Core i5 7200U 2.5GHz,4,128GB SSD,Intel HD Graphics 620,9692280.0,68,3,48
Intel Core i7 7500U 2.7GHz,8,512GB SSD,Intel HD Graphics 620,22221108.0,89,28,48
Intel Core i5 7300HQ 2.5GHz,8,256GB SSD,Nvidia GeForce GTX 1050,10661508.0,70,16,68
Intel Core i5 7200U 2.5GHz,8,256GB Flash Storage,Intel HD Graphics 620,16672500.0,68,15,48
Intel Pentium Dual Core 4405U 2.1GHz,4,128GB SSD,Intel HD Graphics 510,4437108.0,100,3,40
Intel Core i5 7200U 2.5GHz,8,256GB SSD,Intel HD Graphics 620,12075336.0,68,16,48
Intel Core i3 6006U 2GHz,4,500GB HDD,Intel HD Graphics 520,5201820.0,50,25,42
Intel Celeron Dual Core N3060 1.6GHz,4,32GB Flash Storage,Intel HD Graphics 400,3156660.0,34,22,36
Intel Core i3 7100U 2.4GHz,8,128GB SSD,Intel HD Graphics 620,5504148.0,53,3,48
Intel Core i7 7820HK 2.9GHz,32,512GB SSD,Nvidia GeForce GTX 1080,48897108.0,95,28,75
Intel Core i7 6600U 2.6GHz,16,512GB SSD,Intel HD Graphics 520,18664308.0,83,28,42
Intel Core i5 7200U 2.5GHz,4,1TB HDD,Nvidia GeForce 920,4614948.0,68,9,58
Intel Core i5 6200U 2.3GHz,8,256GB SSD,Intel HD Graphics 520,10545912.0,62,16,42
Intel Core i5 7300U 2.6GHz,8,256GB SSD,Intel HD Graphics 620,14671800.0,71,16,48
Intel Core i7 7700HQ 2.8GHz,16,256GB SSD +  1TB HDD,Nvidia GeForce GTX 1070,24672009.96,94,17,73
Intel Core i7 7700HQ 2.8GHz,16,256GB SSD +  1TB HDD,Nvidia GeForce GTX 1070,21509748.0,94,17,73
Intel Core i3 7100U 2.4GHz,4,500GB HDD,Intel HD Graphics 620,5948748.0,53,25,48
Intel Celeron Quad Core N3160 1.6GHz,4,16GB Flash Storage,Intel HD Graphics 400,2889900.0,37,6,36
Intel Core i5 7200U 2.5GHz,8,128GB HDD,Intel HD Graphics 620,5246280.0,68,2,48
Intel Core i7 6700HQ 2.6GHz,16,512GB SSD +  1TB HDD,Nvidia GeForce GTX 1060,15996708.0,84,29,72
Intel Core i7 7700HQ 2.8GHz,32,512GB SSD +  1TB HDD,Nvidia GeForce GTX 1070,27324137.88,94,29,73
Intel Core i5 7200U 2.5GHz,8,1TB HDD,Nvidia GeForce 930MX,8091720.0,68,9,63
Intel Core i5 7200U 2.5GHz,8,128GB SSD,Intel HD Graphics 620,6348799.08,68,3,48
Intel Core i7 6500U 2.5GHz,8,512GB SSD,Intel HD Graphics 520,16628040.0,81,28,42
Intel Core i7 7500U 2.7GHz,4,256GB SSD,AMD Radeon R5 M420,6571188.0,89,16,19
Intel Celeron Dual Core N3350 1.1GHz,4,32GB Flash Storage,Intel HD Graphics 500,5468580.0,35,22,38
Intel Core i5 6200U 2.3GHz,8,512GB SSD,Nvidia GeForce 940M,9123192.0,62,28,65
Intel Core i5 7200U 2.5GHz,8,256GB SSD,Intel HD Graphics 620,20247084.0,68,16,48
Intel Core i7 6500U 2.5GHz,8,512GB SSD,Intel HD Graphics 520,13053456.0,81,28,42
Intel Celeron Dual Core N3060 1.6GHz,4,128GB SSD,Intel HD Graphics 400,2658708.0,34,3,36
Intel Core i7 7700HQ 2.8GHz,16,128GB SSD +  1TB HDD,Nvidia GeForce GTX 1060,16885908.0,94,4,72
Intel Core i7 7500U 2.7GHz,8,1TB HDD,AMD Radeon R7 M445,7691580.0,89,9,26
Intel Core i7 7700HQ 2.8GHz,8,256GB SSD,Nvidia GeForce GT 940MX,16921476.0,94,16,67
Intel Core i7 7500U 2.7GHz,8,256GB SSD,Nvidia GeForce GTX 930MX,6998004.0,89,16,76
Intel Core i5 7200U 2.5GHz,8,128GB SSD,Intel HD Graphics 620,8402940.0,68,3,48
Intel Pentium Quad Core N4200 1.1GHz,4,1TB HDD,Intel HD Graphics 505,3992508.0,103,9,39
Intel Core i7 7600U 2.8GHz,8,256GB SSD,Intel HD Graphics 620,22754628.0,91,16,48
Intel Core i5 6200U 2.3GHz,8,1TB HDD,Intel HD Graphics 520,5770908.0,62,9,42
Intel Core i3 6006U 2.0GHz,4,1TB HDD,Intel HD Graphics 520,4170348.0,48,9,42
Intel Core i5 7200U 2.5GHz,8,1TB HDD,Intel HD Graphics 620,7564068.72,68,9,48
Intel Core i5 7300U 2.6GHz,8,256GB SSD,AMD Radeon R7 M465,11995308.0,71,16,28
Intel Core i5 7200U 2.5GHz,4,128GB SSD,Intel HD Graphics 620,11426220.0,68,3,48
Intel Core i5 7300HQ 2.5GHz,8,1TB HDD,Nvidia GeForce GTX 1050,9043164.0,70,9,68
Intel Core i7 7660U 2.5GHz,16,512GB SSD,Intel Iris Plus Graphics 640,19918080.0,92,28,52
Intel Core i5 6200U 2.3GHz,4,500GB HDD,Intel HD Graphics 520,8091720.0,62,25,42
Intel Core i5 6200U 2.3GHz,8,256GB SSD,Intel HD Graphics 520,9736740.0,62,16,42
Intel Core i7 7500U 2.7GHz,8,256GB SSD,Intel HD Graphics 620,17339400.0,89,16,48
Intel Core i5 7200U 2.5GHz,8,256GB SSD,Intel HD Graphics 620,8020584.0,68,16,48
Intel Core i7 7700HQ 2.8GHz,8,1TB HDD,Nvidia Quadro M620,15809976.0,94,9,97
Intel Core i5 7200U 2.5GHz,4,500GB HDD,Intel HD Graphics 620,9381060.0,68,25,48
Intel Core i3 6006U 2GHz,4,1TB HDD,AMD Radeon R5 M430,4259268.0,50,9,21
Intel Core i7 7500U 2.7GHz,8,256GB SSD,Intel HD Graphics 620,12342096.0,89,16,48
Intel Core i3 7100U 2.4GHz,4,1GB SSD,Intel HD Graphics 620,6535620.0,53,8,48
Intel Core i7 7500U 2.7GHz,16,256GB SSD,Nvidia GeForce 940MX,16441308.0,89,16,66
Intel Core i7 7600U 2.8GHz,8,256GB SSD,Intel HD Graphics 620,15027480.0,91,16,48
Intel Pentium Quad Core N4200 1.1GHz,4,1TB HDD,Intel HD Graphics 505,3547819.08,103,9,39
Intel Core i5 6200U 2.3GHz,8,256GB SSD,Nvidia GeForce 940MX,8314020.0,62,16,66
Intel Core i5 7200U 2.5GHz,4,128GB SSD +  1TB HDD,Nvidia GeForce 940MX,8113950.0,68,4,66
Intel Core i5 7200U 2.5GHz,4,256GB SSD,Intel HD Graphics 620,7460388.0,68,16,48
Intel Core i5 7200U 2.5GHz,4,256GB SSD,Intel HD Graphics 620,15116400.0,68,16,48
Intel Core i5 7200U 2.5GHz,4,500GB HDD,Intel HD Graphics 620,6089241.6,68,25,48
Intel Celeron Dual Core N3350 1.1GHz,4,32GB Flash Storage,Intel HD Graphics 500,3094416.0,35,22,38
Intel Core i7 6500U 2.5GHz,8,1TB HDD,Nvidia GeForce 940MX,5948748.0,81,9,66
Intel Pentium Quad Core N3710 1.6GHz,4,500GB HDD,Intel HD Graphics,3281148.0,102,25,35
Intel Core i5 7200U 2.5GHz,4,256GB SSD,Intel HD Graphics 620,15996708.0,68,16,48
Intel Core i3 6006U 2.0GHz,4,1TB HDD,AMD Radeon R5 M420X,4052084.4,48,9,20
Intel Core i5 7300HQ 2.5GHz,12,128GB SSD +  1TB HDD,Nvidia GeForce GTX 1050,12181150.8,70,4,68
Intel Celeron Dual Core N3060 1.6GHz,4,32GB Flash Storage,Intel HD Graphics 400,2640924.0,34,22,36
AMD A4-Series 7210 2.2GHz,4,500GB HDD,AMD Radeon R3,3370068.0,7,25,13
Intel Core i5 7200U 2.5GHz,4,128GB SSD,Intel HD Graphics 620,11248380.0,68,3,48
Intel Core i7 7500U 2.7GHz,16,256GB SSD,Intel HD Graphics 620,12439908.0,89,16,48
Intel Core i7 7500U 2.7GHz,8,256GB SSD,Intel HD Graphics 620,15107508.0,89,16,48
Intel Core i5 7200U 2.5GHz,8,256GB SSD,Intel HD Graphics 620,15996708.0,68,16,48
Intel Core i7 6700HQ 2.6GHz,16,512GB SSD +  2TB HDD,Nvidia GeForce GTX 1060,23554908.0,84,31,72
Intel Core i5 7200U 2.5GHz,8,256GB SSD,Intel HD Graphics 620,13115700.0,68,16,48
Intel Core i7 7700HQ 2.8GHz,8,1TB HDD,Nvidia GeForce GTX 1050Ti,8260668.0,94,9,71
Intel Core i7 7500U 2.7GHz,8,1TB HDD,Nvidia GeForce 930MX,8002800.0,89,9,63
Intel Core i3 6006U 2.0GHz,4,1TB HDD,AMD Radeon R5 M420X,5459688.0,48,9,20
Intel Core i5 7300U 2.6GHz,8,500GB HDD,Intel HD Graphics 620,8314020.0,71,25,48
Intel Core i7 7Y75 1.3GHz,8,512GB SSD,Intel HD Graphics 615,17900485.2,97,28,47
Intel Core i7 6820HK 2.7GHz,32,256GB SSD +  256GB SSD,Nvidia GeForce GTX 980M,11372868.0,85,18,85
Intel Core i7 7Y75 1.3GHz,16,256GB SSD,Intel HD Graphics 615,14662908.0,97,16,47
Intel Core i7 7500U 2.7GHz,8,256GB Flash Storage,Intel HD Graphics 620,18219708.0,89,15,48
Intel Core i5 7200U 2.5GHz,8,512GB SSD,Intel HD Graphics 620,17454907.08,68,28,48
Intel Core i7 7500U 2.7GHz,16,512GB SSD,Intel HD Graphics 620,18664308.0,89,28,48
Intel Core i7 7500U 2.7GHz,8,512GB SSD,Intel HD Graphics 620,13186836.0,89,28,48
Intel Celeron Dual Core 3205U 1.5GHz,4,16GB Flash Storage,Intel HD Graphics,3192228.0,30,6,35
Intel Core i5 6300HQ 2.3GHz,8,128GB SSD +  1TB HDD,Nvidia GeForce GTX 960M,7015788.0,64,4,82
Intel Core i7 7500U 2.7GHz,8,512GB SSD,Intel HD Graphics 620,16885908.0,89,28,48
Intel Core i5 7440HQ 2.8GHz,8,256GB SSD,Intel HD Graphics 620,10714860.0,72,16,48
Intel Core M 6Y75 1.2GHz,8,240GB SSD,Intel HD Graphics 515,27565200.0,41,14,41
Intel Core i7 7500U 2.7GHz,6,256GB SSD,Nvidia GeForce 940MX,7015788.0,89,16,66
Intel Core i7 7500U 2.7GHz,8,256GB SSD,Nvidia GeForce 930MX,9060859.08,89,16,63
Intel Core i3 7100U 2.4GHz,4,1TB HDD,Intel HD Graphics 620,4437108.0,53,9,48
Intel Core i5 7200U 2.5GHz,4,128GB SSD,Intel HD Graphics 620,7833852.0,68,3,48
Intel Core i5 7200U 2.5GHz,8,256GB SSD,Intel HD Graphics 620,8536320.0,68,16,48
Intel Core i7 7700HQ 2.8GHz,16,256GB SSD +  1TB HDD,Nvidia GeForce GTX 1050 Ti,14218308.0,94,17,69
Intel Core i7 7700HQ 2.8GHz,16,128GB SSD +  1TB HDD,Nvidia GeForce GTX 1050 Ti,11995308.0,94,4,69
Intel Core i5 7300HQ 2.5GHz,8,128GB SSD +  1TB HDD,Nvidia GeForce GTX 1050,9958239.72,70,4,68
Intel Core i5 7200U 2.5GHz,4,1TB HDD,AMD Radeon R5 M420,6090931.08,68,9,19
Intel Core i7 6500U 2.5GHz,8,256GB SSD,AMD Radeon R7 M365X,11532835.08,81,16,24
Intel Core i7 7500U 2.7GHz,8,256GB SSD,Intel HD Graphics 620,10216908.0,89,16,48
Intel Core i7 6600U 2.6GHz,16,256GB SSD,Nvidia GeForce 930M,17561700.0,83,16,62
Intel Core i5 7200U 2.5GHz,8,512GB SSD,Intel HD Graphics 620,16227900.0,68,28,48
Intel Core i5 6200U 2.3GHz,4,500GB HDD,Intel HD Graphics 520,6490270.8,62,25,42
Intel Core i7 7500U 2.7GHz,8,256GB SSD,Intel HD Graphics 620,14671800.0,89,16,48
Intel Core i5 6200U 2.3GHz,8,256GB SSD,Intel HD Graphics 520,10359180.0,62,16,42
Intel Core i5 7200U 2.5GHz,4,1TB HDD,Intel HD Graphics 620,6296069.52,68,9,48
Intel Core i5 6200U 2.3GHz,4,500GB HDD,Intel HD Graphics 520,10216908.0,62,25,42
Intel Pentium Quad Core N4200 1.1GHz,4,1TB HDD,Intel HD Graphics 505,2747628.0,103,9,39
Intel Core i5 6200U 2.3GHz,4,500GB HDD,Intel HD Graphics 520,14040468.0,62,25,42
Intel Celeron Dual Core N3060 1.6GHz,4,1TB HDD,Intel HD Graphics 400,2568898.8,34,9,36
Intel Core i7 6560U 2.2GHz,16,1TB SSD,Intel Iris Graphics 540,15996708.0,82,12,50
Intel Core i5 6200U 2.3GHz,4,128GB SSD,Intel HD Graphics 520,9825660.0,62,3,42
Intel Core i5 6200U 2.3GHz,8,256GB SSD,Intel HD Graphics 520,14840748.0,62,16,42
Intel Core i3 6006U 2.0GHz,4,1TB HDD,Intel HD Graphics 520,4967071.2,48,9,42
Intel Core i7 7700HQ 2.8GHz,8,128GB SSD +  1TB HDD,Nvidia GeForce GTX 1050,10661508.0,94,4,68
Intel Core i5 7200U 2.5GHz,8,256GB SSD,Intel HD Graphics 620,14573988.0,68,16,48
Intel Core i7 6820HK 2.7GHz,16,512GB SSD +  1TB HDD,Nvidia GeForce GTX 1080,24524136.0,85,29,75
Intel Core i5 6300HQ 2.3GHz,8,128GB SSD +  1TB HDD,Nvidia GeForce GTX 965M,12439908.0,64,4,83
Intel Pentium Quad Core N3710 1.6GHz,4,1TB HDD,Nvidia GeForce 920MX,4712760.0,102,9,60
Intel Core i5 7200U 2.5GHz,4,500GB HDD,Intel HD Graphics 620,5504148.0,68,25,48
Intel Core i5 6200U 2.3GHz,8,256GB SSD,Intel HD Graphics 520,9950148.0,62,16,42
Intel Core M m7-6Y75 1.2GHz,8,256GB SSD,Intel HD Graphics 515,11550708.0,47,16,41
AMD FX 8800P 2.1GHz,16,512GB SSD +  1TB HDD,AMD Radeon R9 M385,8883108.0,22,29,29
Intel Core i5 7200U 2.5GHz,8,256GB SSD,Intel HD Graphics,13090802.4,68,16,35
Intel Core i7 7500U 2.7GHz,8,1TB HDD,Nvidia GeForce 920MX,6091020.0,89,9,60
Intel Core i3 6006U 2.0GHz,4,1TB HDD,AMD Radeon R7 M445,5859828.0,48,9,26
Intel Celeron Dual Core N3060 1.6GHz,4,32GB Flash Storage,Intel HD Graphics 400,3103308.0,34,22,36
Intel Core i7 6820HQ 2.7GHz,8,8GB SSD,Nvidia Quadro M1000M,19998108.0,86,36,91
Intel Core i7 7600U 2.8GHz,8,256GB SSD,Intel HD Graphics 620,15783300.0,91,16,48
Intel Core i5 6200U 2.3GHz,8,256GB SSD,Intel HD Graphics 520,12982320.0,62,16,42
Intel Core M M7-6Y75 1.2GHz,8,64GB Flash Storage,Intel HD Graphics 515,10305828.0,44,33,41
Intel Core i7 6600U 2.6GHz,8,256GB SSD,Intel HD Graphics 520,13240099.08,83,16,42
Intel Core i7 7700HQ 2.8GHz,16,512GB SSD +  1TB HDD,Nvidia GeForce GTX 1070,28045368.0,94,29,73
Intel Core i5 7Y54 1.2GHz,8,256GB SSD,Intel HD Graphics 615,16885908.0,74,16,47
Intel Pentium Quad Core N4200 1.1GHz,4,256GB SSD,Intel HD Graphics 505,6891300.0,103,16,39
Intel Core i7 6500U 2.5GHz,8,256GB SSD,Intel HD Graphics 520,11275056.0,81,16,42
Intel Celeron Dual Core N3060 1.6GHz,4,32GB Flash Storage,Intel HD Graphics 400,3458988.0,34,22,36
Intel Core i5 6300U 2.4GHz,8,256GB SSD,Intel HD Graphics 520,13649220.0,65,16,42
Intel Core i5 7300U 2.6GHz,8,256GB SSD,Intel HD Graphics 620,15649920.0,71,16,48
Intel Core i5 7200U 2.5GHz,12,128GB SSD +  1TB HDD,Nvidia GeForce GTX 950M,8972028.0,68,4,79
Intel Core i7 7500U 2.7GHz,8,512GB SSD,Intel HD Graphics 620,15916680.0,89,28,48
Intel Core i5 7200U 2.50GHz,8,1TB HDD,Nvidia GeForce 930MX,7527078.0,67,9,63
Intel Core i3 6006U 2.0GHz,4,1TB HDD,AMD Radeon R5 M430,4140293.04,48,9,21
Intel Core i5 7200U 2.5GHz,4,500GB HDD,Intel HD Graphics 620,7335900.0,68,25,48
Intel Core i3 7100U 2.4GHz,4,500GB HDD,Intel HD Graphics 620,6091020.0,53,25,48
Intel Core i7 7700HQ 2.8GHz,32,256GB SSD +  1TB HDD,Nvidia GeForce GTX 1070,28000908.0,94,17,73
Intel Core i5 7200U 2.5GHz,6,256GB SSD,Nvidia GeForce 920MX,6179940.0,68,16,60
Intel Core i7 7Y75 1.3GHz,16,512GB SSD,Intel HD Graphics 615,16885908.0,97,28,47
Intel Core i7 6600U 2.6GHz,8,256GB SSD,Intel HD Graphics 520,17454818.16,83,16,42
Intel Core i7 6700HQ 2.6GHz,32,256GB SSD +  1TB HDD,Nvidia GeForce GTX 1070,24897600.0,84,17,73
Intel Core i5 6200U 2.3GHz,8,256GB SSD,Intel HD Graphics 520,10492560.0,62,16,42
Intel Core i7 7700HQ 2.8GHz,16,256GB SSD +  1TB HDD,Nvidia GeForce GTX 1060,18227710.8,94,17,72
Intel Core i5 7200U 2.70GHz,8,128GB SSD +  1TB HDD,Nvidia GeForce 930MX,8705268.0,69,4,63
Intel Core i5 6200U 2.3GHz,4,508GB Hybrid,Intel HD Graphics 520,8909784.0,62,26,42
